Date,Away_Team,Home_Team,Bet_On,Prediction,Actual,Result,Bet_Amount,Profit_Loss,Running_Total,Confidence,Odds
2023-10-27,Detroit Pistons,Charlotte Hornets,home,0.622,0,LOSS,100,-100.0,-100.0,0.622,160.8
2023-10-27,New York Knicks,Atlanta Hawks,home,0.639,0,LOSS,100,-100.0,-200.0,0.639,156.47
2023-10-27,Miami Heat,Boston Celtics,home,0.679,1,WIN,100,147.22000122070312,-52.779998779296875,0.679,147.22
2023-10-27,Oklahoma City Thunder,Cleveland Cavaliers,away,0.351,0,WIN,100,153.97999572753906,101.19999694824219,0.351,153.98
2023-10-27,Toronto Raptors,Chicago Bulls,away,0.394,1,LOSS,100,-100.0,1.2000000476837158,0.394,165.12
2023-10-27,Brooklyn Nets,Dallas Mavericks,home,0.668,1,WIN,100,149.69000244140625,150.88999938964844,0.668,149.69
2023-10-27,Golden State Warriors,Sacramento Kings,home,0.75,0,LOSS,100,-100.0,50.88999938964844,0.75,133.29
2023-10-27,Orlando Magic,Portland Trail Blazers,away,0.393,0,WIN,100,164.8800048828125,215.77000427246094,0.393,164.88
2023-10-28,Indiana Pacers,Cleveland Cavaliers,away,0.324,0,WIN,100,148.02999877929688,363.79998779296875,0.324,148.03
2023-10-28,Utah Jazz,Phoenix Suns,home,0.727,1,WIN,100,137.47999572753906,501.2799987792969,0.727,137.48
2023-10-28,Chicago Bulls,Detroit Pistons,home,0.695,1,WIN,100,143.9600067138672,645.239990234375,0.695,143.96
2023-10-28,New York Knicks,New Orleans Pelicans,home,0.772,1,WIN,100,129.52999877929688,774.760009765625,0.772,129.53
2023-10-29,Denver Nuggets,Oklahoma City Thunder,home,0.657,0,LOSS,100,-100.0,674.760009765625,0.657,152.17
2023-10-29,Atlanta Hawks,Milwaukee Bucks,home,0.672,0,LOSS,100,-100.0,574.760009765625,0.672,148.92
2023-10-29,Portland Trail Blazers,Philadelphia 76ers,home,0.711,1,WIN,100,140.60000610351562,715.3599853515625,0.711,140.6
2023-10-29,Los Angeles Lakers,Sacramento Kings,home,0.62,1,WIN,100,161.22000122070312,876.5800170898438,0.62,161.22
2023-10-29,San Antonio Spurs,LA Clippers,home,0.626,1,WIN,100,159.75999450683594,1036.3399658203125,0.626,159.76
2023-10-30,Utah Jazz,Denver Nuggets,home,0.756,1,WIN,100,132.3300018310547,1168.6700439453125,0.756,132.33
2023-10-30,Miami Heat,Milwaukee Bucks,home,0.659,1,WIN,100,151.86000061035156,1320.530029296875,0.659,151.86
2023-10-30,Golden State Warriors,New Orleans Pelicans,home,0.728,0,LOSS,100,-100.0,1220.530029296875,0.728,137.27
2023-10-30,Chicago Bulls,Indiana Pacers,home,0.747,0,LOSS,100,-100.0,1120.530029296875,0.747,133.95
2023-10-30,Boston Celtics,Washington Wizards,away,0.382,0,WIN,100,161.88999938964844,1282.4200439453125,0.382,161.89
2023-10-30,Portland Trail Blazers,Toronto Raptors,home,0.691,0,LOSS,100,-100.0,1182.4200439453125,0.691,144.82
2023-10-31,Orlando Magic,LA Clippers,home,0.649,1,WIN,100,153.97000122070312,1336.3900146484375,0.649,153.97
2023-10-31,San Antonio Spurs,Phoenix Suns,home,0.694,0,LOSS,100,-100.0,1236.3900146484375,0.694,144.02
2023-11-01,Portland Trail Blazers,Detroit Pistons,home,0.655,0,LOSS,100,-100.0,1136.3900146484375,0.655,152.7
2023-11-01,Indiana Pacers,Boston Celtics,home,0.676,1,WIN,100,147.89999389648438,1284.2900390625,0.676,147.9
2023-11-01,Washington Wizards,Atlanta Hawks,home,0.773,1,WIN,100,129.3800048828125,1413.6700439453125,0.773,129.38
2023-11-01,Charlotte Hornets,Houston Rockets,away,0.4,1,LOSS,100,-100.0,1313.6700439453125,0.4,166.57
2023-11-01,Denver Nuggets,Minnesota Timberwolves,away,0.393,1,LOSS,100,-100.0,1213.6700439453125,0.393,164.87
2023-11-01,Chicago Bulls,Dallas Mavericks,home,0.673,1,WIN,100,148.52999877929688,1362.199951171875,0.673,148.53
2023-11-02,San Antonio Spurs,Phoenix Suns,home,0.675,0,LOSS,100,-100.0,1262.199951171875,0.675,148.11
2023-11-02,Toronto Raptors,Philadelphia 76ers,home,0.738,1,WIN,100,135.58999633789062,1397.7900390625,0.738,135.59
2023-11-03,Cleveland Cavaliers,Indiana Pacers,away,0.37,1,LOSS,100,-100.0,1297.7900390625,0.37,158.73
2023-11-03,New York Knicks,Milwaukee Bucks,home,0.651,1,WIN,100,153.72000122070312,1451.510009765625,0.651,153.72
2023-11-03,Golden State Warriors,Oklahoma City Thunder,away,0.298,0,WIN,100,142.52999877929688,1594.0400390625,0.298,142.53
2023-11-04,Utah Jazz,Minnesota Timberwolves,home,0.674,1,WIN,100,148.4199981689453,1742.4599609375,0.674,148.42
2023-11-04,Sacramento Kings,Houston Rockets,away,0.387,1,LOSS,100,-100.0,1642.4599609375,0.387,163.24
2023-11-04,Phoenix Suns,Philadelphia 76ers,home,0.636,1,WIN,100,157.2899932861328,1799.75,0.636,157.29
2023-11-04,Chicago Bulls,Denver Nuggets,home,0.727,1,WIN,100,137.52000427246094,1937.27001953125,0.727,137.52
2023-11-05,Charlotte Hornets,Dallas Mavericks,home,0.683,1,WIN,100,146.4499969482422,2083.72998046875,0.683,146.45
2023-11-05,Golden State Warriors,Cleveland Cavaliers,away,0.39,1,LOSS,100,-100.0,1983.72998046875,0.39,163.87
2023-11-05,Phoenix Suns,Detroit Pistons,home,0.758,0,LOSS,100,-100.0,1883.72998046875,0.758,131.88
2023-11-06,New Orleans Pelicans,Denver Nuggets,home,0.719,1,WIN,100,139.07000732421875,2022.800048828125,0.719,139.07
2023-11-06,Sacramento Kings,Houston Rockets,away,0.377,1,LOSS,100,-100.0,1922.800048828125,0.377,160.58
2023-11-06,Washington Wizards,Philadelphia 76ers,home,0.756,1,WIN,100,132.24000549316406,2055.0400390625,0.756,132.24
2023-11-06,LA Clippers,New York Knicks,away,0.352,1,LOSS,100,-100.0,1955.0400390625,0.352,154.29
2023-11-08,Toronto Raptors,Dallas Mavericks,home,0.731,0,LOSS,100,-100.0,1855.0400390625,0.731,136.89
2023-11-08,Detroit Pistons,Milwaukee Bucks,home,0.661,1,WIN,100,151.19000244140625,2006.22998046875,0.661,151.19
2023-11-08,Miami Heat,Memphis Grizzlies,away,0.353,0,WIN,100,154.5500030517578,2160.7900390625,0.353,154.55
2023-11-08,Washington Wizards,Charlotte Hornets,home,0.662,0,LOSS,100,-100.0,2060.7900390625,0.662,150.97
2023-11-08,New Orleans Pelicans,Minnesota Timberwolves,home,0.729,1,WIN,100,137.24000549316406,2198.02001953125,0.729,137.24
2023-11-08,San Antonio Spurs,New York Knicks,home,0.71,1,WIN,100,140.85000610351562,2338.8798828125,0.71,140.85
2023-11-08,Utah Jazz,Indiana Pacers,home,0.672,1,WIN,100,148.88999938964844,2487.77001953125,0.672,148.89
2023-11-09,Milwaukee Bucks,Indiana Pacers,home,0.615,1,WIN,100,162.47999572753906,2650.25,0.615,162.48
2023-11-10,Los Angeles Lakers,Phoenix Suns,home,0.711,0,LOSS,100,-100.0,2550.25,0.711,140.68
2023-11-10,Utah Jazz,Memphis Grizzlies,home,0.668,0,LOSS,100,-100.0,2450.25,0.668,149.7
2023-11-10,Minnesota Timberwolves,San Antonio Spurs,away,0.321,0,WIN,100,147.2899932861328,2597.5400390625,0.321,147.29
2023-11-10,Brooklyn Nets,Boston Celtics,home,0.739,1,WIN,100,135.25,2732.7900390625,0.739,135.25
2023-11-10,New Orleans Pelicans,Houston Rockets,home,0.738,1,WIN,100,135.4600067138672,2868.25,0.738,135.46
2023-11-11,Toronto Raptors,Boston Celtics,home,0.632,1,WIN,100,158.32000732421875,3026.570068359375,0.632,158.32
2023-11-11,Cleveland Cavaliers,Golden State Warriors,home,0.658,0,LOSS,100,-100.0,2926.570068359375,0.658,152.07
2023-11-12,Oklahoma City Thunder,Phoenix Suns,home,0.605,0,LOSS,100,-100.0,2826.570068359375,0.605,165.38
2023-11-12,Portland Trail Blazers,Los Angeles Lakers,home,0.663,1,WIN,100,150.82000732421875,2977.389892578125,0.663,150.82
2023-11-12,Dallas Mavericks,New Orleans Pelicans,away,0.365,0,WIN,100,157.44000244140625,3134.840087890625,0.365,157.44
2023-11-12,Detroit Pistons,Chicago Bulls,home,0.618,1,WIN,100,161.89999389648438,3296.739990234375,0.618,161.9
2023-11-12,Memphis Grizzlies,LA Clippers,home,0.716,0,LOSS,100,-100.0,3196.739990234375,0.716,139.73
2023-11-12,Washington Wizards,Brooklyn Nets,home,0.794,1,WIN,100,125.87999725341797,3322.6201171875,0.794,125.88
2023-11-13,New York Knicks,Boston Celtics,home,0.768,1,WIN,100,130.17999267578125,3452.7900390625,0.768,130.18
2023-11-13,Washington Wizards,Toronto Raptors,home,0.723,1,WIN,100,138.32000732421875,3591.110107421875,0.723,138.32
2023-11-13,Chicago Bulls,Milwaukee Bucks,home,0.76,1,WIN,100,131.60000610351562,3722.7099609375,0.76,131.6
2023-11-14,LA Clippers,Denver Nuggets,home,0.729,1,WIN,100,137.13999938964844,3859.85009765625,0.729,137.14
2023-11-14,Dallas Mavericks,New Orleans Pelicans,away,0.377,1,LOSS,100,-100.0,3759.85009765625,0.377,160.48
2023-11-14,Orlando Magic,Brooklyn Nets,home,0.629,1,WIN,100,158.86000061035156,3918.7099609375,0.629,158.86
2023-11-14,Indiana Pacers,Philadelphia 76ers,home,0.626,0,LOSS,100,-100.0,3818.7099609375,0.626,159.67
2023-11-14,San Antonio Spurs,Oklahoma City Thunder,home,0.647,1,WIN,100,154.44000244140625,3973.14990234375,0.647,154.44
2023-11-14,Memphis Grizzlies,Los Angeles Lakers,home,0.716,1,WIN,100,139.61000061035156,4112.75,0.716,139.61
2023-11-15,Cleveland Cavaliers,Portland Trail Blazers,away,0.349,0,WIN,100,153.6999969482422,4266.4501953125,0.349,153.7
2023-11-15,New York Knicks,Atlanta Hawks,home,0.651,0,LOSS,100,-100.0,4166.4501953125,0.651,153.63
2023-11-17,Los Angeles Lakers,Portland Trail Blazers,away,0.394,0,WIN,100,165.0399932861328,4331.490234375,0.394,165.04
2023-11-17,Denver Nuggets,New Orleans Pelicans,away,0.305,1,LOSS,100,-100.0,4231.490234375,0.305,143.92
2023-11-17,Sacramento Kings,San Antonio Spurs,away,0.309,0,WIN,100,144.77000427246094,4376.259765625,0.309,144.77
2023-11-17,Philadelphia 76ers,Atlanta Hawks,home,0.645,0,LOSS,100,-100.0,4276.259765625,0.645,154.98
2023-11-17,Boston Celtics,Toronto Raptors,away,0.331,0,WIN,100,149.57000732421875,4425.830078125,0.331,149.57
2023-11-17,Detroit Pistons,Cleveland Cavaliers,home,0.7,1,WIN,100,142.8300018310547,4568.66015625,0.7,142.83
2023-11-18,Oklahoma City Thunder,Golden State Warriors,away,0.333,0,WIN,100,149.9600067138672,4718.6201171875,0.333,149.96
2023-11-18,Minnesota Timberwolves,New Orleans Pelicans,away,0.32,0,WIN,100,147.00999450683594,4865.6298828125,0.32,147.01
2023-11-19,Detroit Pistons,Toronto Raptors,home,0.661,1,WIN,100,151.39999389648438,5017.02978515625,0.661,151.4
2023-11-19,Orlando Magic,Indiana Pacers,home,0.646,0,LOSS,100,-100.0,4917.02978515625,0.646,154.72
2023-11-19,Denver Nuggets,Cleveland Cavaliers,away,0.373,1,LOSS,100,-100.0,4817.02978515625,0.373,159.54
2023-11-19,Boston Celtics,Memphis Grizzlies,away,0.289,0,WIN,100,140.6699981689453,4957.7001953125,0.289,140.67
2023-11-19,Phoenix Suns,Utah Jazz,away,0.331,0,WIN,100,149.3699951171875,5107.080078125,0.331,149.37
2023-11-19,Oklahoma City Thunder,Portland Trail Blazers,away,0.298,0,WIN,100,142.4499969482422,5249.52978515625,0.298,142.45
2023-11-20,LA Clippers,San Antonio Spurs,away,0.358,0,WIN,100,155.75,5405.27978515625,0.358,155.75
2023-11-20,Denver Nuggets,Detroit Pistons,away,0.347,0,WIN,100,153.25,5558.52978515625,0.347,153.25
2023-11-20,Milwaukee Bucks,Washington Wizards,away,0.341,0,WIN,100,151.72000122070312,5710.25,0.341,151.72
2023-11-20,New York Knicks,Minnesota Timberwolves,home,0.734,1,WIN,100,136.30999755859375,5846.56982421875,0.734,136.31
2023-11-21,Indiana Pacers,Atlanta Hawks,home,0.604,0,LOSS,100,-100.0,5746.56982421875,0.604,165.62
2023-11-21,Cleveland Cavaliers,Philadelphia 76ers,home,0.701,0,LOSS,100,-100.0,5646.56982421875,0.701,142.67
2023-11-21,Portland Trail Blazers,Phoenix Suns,home,0.775,1,WIN,100,128.99000549316406,5775.56005859375,0.775,128.99
2023-11-21,Utah Jazz,Los Angeles Lakers,home,0.775,1,WIN,100,129.02000427246094,5904.56982421875,0.775,129.02
2023-11-22,Philadelphia 76ers,Minnesota Timberwolves,home,0.703,1,WIN,100,142.33999633789062,6046.91015625,0.703,142.34
2023-11-22,LA Clippers,San Antonio Spurs,away,0.361,0,WIN,100,156.39999389648438,6203.31005859375,0.361,156.4
2023-11-22,Memphis Grizzlies,Houston Rockets,home,0.796,1,WIN,100,125.62000274658203,6328.919921875,0.796,125.62
2023-11-22,Golden State Warriors,Phoenix Suns,home,0.633,1,WIN,100,158.02000427246094,6486.9501953125,0.633,158.02
2023-11-22,Toronto Raptors,Indiana Pacers,home,0.659,0,LOSS,100,-100.0,6386.9501953125,0.659,151.65
2023-11-22,Milwaukee Bucks,Boston Celtics,home,0.725,1,WIN,100,138.0,6524.93994140625,0.725,138.0
2023-11-22,Miami Heat,Cleveland Cavaliers,home,0.604,0,LOSS,100,-100.0,6424.93994140625,0.604,165.61
2023-11-22,Denver Nuggets,Orlando Magic,away,0.333,1,LOSS,100,-100.0,6324.93994140625,0.333,149.97
2023-11-22,Chicago Bulls,Oklahoma City Thunder,home,0.785,1,WIN,100,127.41999816894531,6452.3701171875,0.785,127.42
2023-11-24,New Orleans Pelicans,LA Clippers,home,0.613,0,LOSS,100,-100.0,6352.3701171875,0.613,163.18
2023-11-24,Sacramento Kings,Minnesota Timberwolves,home,0.688,0,LOSS,100,-100.0,6252.3701171875,0.688,145.41
2023-11-24,Washington Wizards,Milwaukee Bucks,home,0.795,1,WIN,100,125.76000213623047,6378.1298828125,0.795,125.76
2023-11-24,Chicago Bulls,Toronto Raptors,home,0.659,1,WIN,100,151.66000366210938,6529.7900390625,0.659,151.66
2023-11-24,Phoenix Suns,Memphis Grizzlies,away,0.232,0,WIN,100,130.22999572753906,6660.02001953125,0.232,130.23
2023-11-24,Detroit Pistons,Indiana Pacers,home,0.703,1,WIN,100,142.22000122070312,6802.240234375,0.703,142.22
2023-11-25,Philadelphia 76ers,Oklahoma City Thunder,home,0.683,0,LOSS,100,-100.0,6702.240234375,0.683,146.31
2023-11-25,Miami Heat,Brooklyn Nets,home,0.642,1,WIN,100,155.6999969482422,6857.93994140625,0.642,155.7
2023-11-25,Los Angeles Lakers,Cleveland Cavaliers,home,0.607,0,LOSS,100,-100.0,6757.93994140625,0.607,164.85
2023-11-25,New Orleans Pelicans,Utah Jazz,away,0.339,1,LOSS,100,-100.0,6657.93994140625,0.339,151.38
2023-11-26,Chicago Bulls,Brooklyn Nets,home,0.685,1,WIN,100,145.99000549316406,6803.93017578125,0.685,145.99
2023-11-26,San Antonio Spurs,Denver Nuggets,home,0.722,1,WIN,100,138.4499969482422,6942.3798828125,0.722,138.45
2023-11-26,Minnesota Timberwolves,Memphis Grizzlies,away,0.198,0,WIN,100,124.6500015258789,7067.02978515625,0.198,124.65
2023-11-26,Atlanta Hawks,Boston Celtics,home,0.883,1,WIN,100,113.20999908447266,7180.240234375,0.883,113.21
2023-11-26,Charlotte Hornets,Orlando Magic,home,0.728,1,WIN,100,137.36000061035156,7317.60009765625,0.728,137.36
2023-11-26,Portland Trail Blazers,Milwaukee Bucks,home,0.842,1,WIN,100,118.70999908447266,7436.31005859375,0.842,118.71
2023-11-27,Portland Trail Blazers,Indiana Pacers,home,0.824,0,LOSS,100,-100.0,7336.31005859375,0.824,121.39
2023-11-27,Los Angeles Lakers,Philadelphia 76ers,home,0.685,1,WIN,100,145.97999572753906,7482.2900390625,0.685,145.98
2023-11-27,New Orleans Pelicans,Utah Jazz,away,0.298,1,LOSS,100,-100.0,7382.2900390625,0.298,142.46
2023-11-28,Houston Rockets,Dallas Mavericks,away,0.399,1,LOSS,100,-100.0,7282.2900390625,0.399,166.32
2023-11-28,Oklahoma City Thunder,Minnesota Timberwolves,home,0.637,1,WIN,100,156.94000244140625,7439.22998046875,0.637,156.94
2023-11-28,Toronto Raptors,Brooklyn Nets,home,0.646,1,WIN,100,154.72000122070312,7593.9501953125,0.646,154.72
2023-11-28,Charlotte Hornets,New York Knicks,home,0.722,1,WIN,100,138.4199981689453,7732.3701171875,0.722,138.42
2023-11-28,Chicago Bulls,Boston Celtics,home,0.837,1,WIN,100,119.52999877929688,7851.89990234375,0.837,119.53
2023-11-29,Houston Rockets,Denver Nuggets,home,0.675,1,WIN,100,148.07000732421875,7999.97021484375,0.675,148.07
2023-11-29,Philadelphia 76ers,New Orleans Pelicans,away,0.397,1,LOSS,100,-100.0,7899.97021484375,0.397,165.95
2023-11-29,Los Angeles Lakers,Detroit Pistons,away,0.343,0,WIN,100,152.19000244140625,8052.16015625,0.343,152.19
2023-11-29,Phoenix Suns,Toronto Raptors,away,0.386,1,LOSS,100,-100.0,7952.16015625,0.386,162.98
2023-11-29,Washington Wizards,Orlando Magic,home,0.767,1,WIN,100,130.44000244140625,8082.60009765625,0.767,130.44
2023-11-29,Utah Jazz,Memphis Grizzlies,away,0.341,1,LOSS,100,-100.0,7982.60009765625,0.341,151.86
2023-11-30,Portland Trail Blazers,Cleveland Cavaliers,home,0.798,0,LOSS,100,-100.0,7882.60009765625,0.798,125.35
2023-11-30,Charlotte Hornets,Brooklyn Nets,home,0.806,0,LOSS,100,-100.0,7782.60009765625,0.806,124.04
2023-11-30,Detroit Pistons,New York Knicks,home,0.815,1,WIN,100,122.75,7905.35009765625,0.815,122.75
2023-11-30,Indiana Pacers,Miami Heat,home,0.73,1,WIN,100,136.9199981689453,8042.27001953125,0.73,136.92
2023-11-30,Los Angeles Lakers,Oklahoma City Thunder,home,0.74,1,WIN,100,135.10000610351562,8177.3701171875,0.74,135.1
2023-11-30,Utah Jazz,Minnesota Timberwolves,home,0.884,1,WIN,100,113.06999969482422,8290.4404296875,0.884,113.07
2023-11-30,Milwaukee Bucks,Chicago Bulls,away,0.319,1,LOSS,100,-100.0,8190.43994140625,0.319,146.74
2023-12-01,Memphis Grizzlies,Dallas Mavericks,home,0.791,0,LOSS,100,-100.0,8090.43994140625,0.791,126.44
2023-12-01,San Antonio Spurs,New Orleans Pelicans,home,0.746,1,WIN,100,134.0,8224.4501953125,0.746,134.0
2023-12-01,Philadelphia 76ers,Boston Celtics,home,0.66,1,WIN,100,151.5500030517578,8376.0,0.66,151.55
2023-12-01,Washington Wizards,Orlando Magic,home,0.804,1,WIN,100,124.43000030517578,8500.4296875,0.804,124.43
2023-12-02,Memphis Grizzlies,Phoenix Suns,home,0.746,1,WIN,100,134.1300048828125,8634.5498046875,0.746,134.13
2023-12-02,Oklahoma City Thunder,Dallas Mavericks,away,0.294,0,WIN,100,141.69000244140625,8776.240234375,0.294,141.69
2023-12-02,Atlanta Hawks,Milwaukee Bucks,home,0.61,1,WIN,100,163.89999389648438,8940.1396484375,0.61,163.9
2023-12-02,Indiana Pacers,Miami Heat,home,0.713,0,LOSS,100,-100.0,8840.1396484375,0.713,140.2
2023-12-02,Cleveland Cavaliers,Detroit Pistons,away,0.389,0,WIN,100,163.5800018310547,9003.7197265625,0.389,163.58
2023-12-02,Minnesota Timberwolves,Charlotte Hornets,away,0.348,0,WIN,100,153.47999572753906,9157.1904296875,0.348,153.48
2023-12-05,New York Knicks,Milwaukee Bucks,home,0.622,1,WIN,100,160.77000427246094,9317.9599609375,0.622,160.77
2023-12-06,Utah Jazz,Dallas Mavericks,home,0.719,1,WIN,100,139.13999938964844,9457.099609375,0.719,139.14
2023-12-06,Philadelphia 76ers,Washington Wizards,away,0.33,0,WIN,100,149.22999572753906,9606.330078125,0.33,149.23
2023-12-06,San Antonio Spurs,Minnesota Timberwolves,home,0.778,1,WIN,100,128.6199951171875,9734.9404296875,0.778,128.62
2023-12-06,Portland Trail Blazers,Golden State Warriors,home,0.646,1,WIN,100,154.86000061035156,9889.8095703125,0.646,154.86
2023-12-07,Indiana Pacers,Milwaukee Bucks,home,0.757,0,LOSS,100,-100.0,9789.8095703125,0.757,132.04
2023-12-07,New Orleans Pelicans,Los Angeles Lakers,home,0.644,1,WIN,100,155.39999389648438,9945.2001953125,0.644,155.4
2023-12-08,Chicago Bulls,San Antonio Spurs,away,0.386,0,WIN,100,162.83999633789062,10108.0400390625,0.386,162.84
2023-12-08,LA Clippers,Utah Jazz,away,0.268,0,WIN,100,136.63999938964844,10244.6904296875,0.268,136.64
2023-12-08,Dallas Mavericks,Portland Trail Blazers,away,0.262,0,WIN,100,135.49000549316406,10380.169921875,0.262,135.49
2023-12-08,Golden State Warriors,Oklahoma City Thunder,home,0.683,1,WIN,100,146.33999633789062,10526.509765625,0.683,146.34
2023-12-08,Minnesota Timberwolves,Memphis Grizzlies,away,0.265,0,WIN,100,136.11000061035156,10662.6201171875,0.265,136.11
2023-12-08,Washington Wizards,Brooklyn Nets,home,0.764,1,WIN,100,130.8300018310547,10793.4501953125,0.764,130.83
2023-12-08,New York Knicks,Boston Celtics,home,0.821,1,WIN,100,121.83999633789062,10915.2900390625,0.821,121.84
2023-12-08,Detroit Pistons,Orlando Magic,home,0.818,1,WIN,100,122.29000091552734,11037.58984375,0.818,122.29
2023-12-08,Atlanta Hawks,Philadelphia 76ers,home,0.734,1,WIN,100,136.22000122070312,11173.7998046875,0.734,136.22
2023-12-09,Indiana Pacers,Los Angeles Lakers,home,0.654,1,WIN,100,152.8699951171875,11326.6796875,0.654,152.87
2023-12-11,Portland Trail Blazers,LA Clippers,home,0.758,1,WIN,100,131.83999633789062,11458.51953125,0.758,131.84
2023-12-11,Chicago Bulls,Milwaukee Bucks,home,0.801,1,WIN,100,124.79000091552734,11583.3095703125,0.801,124.79
2023-12-11,Minnesota Timberwolves,New Orleans Pelicans,away,0.376,1,LOSS,100,-100.0,11483.3095703125,0.376,160.28
2023-12-11,Dallas Mavericks,Memphis Grizzlies,away,0.273,0,WIN,100,137.6300048828125,11620.9404296875,0.273,137.63
2023-12-11,Utah Jazz,Oklahoma City Thunder,home,0.853,1,WIN,100,117.19999694824219,11738.1396484375,0.853,117.2
2023-12-11,San Antonio Spurs,Houston Rockets,home,0.759,1,WIN,100,131.77999877929688,11869.91015625,0.759,131.78
2023-12-11,Toronto Raptors,New York Knicks,home,0.654,1,WIN,100,153.02000427246094,12022.9296875,0.654,153.02
2023-12-11,Indiana Pacers,Detroit Pistons,away,0.391,0,WIN,100,164.07000732421875,12187.0,0.391,164.07
2023-12-11,Washington Wizards,Philadelphia 76ers,home,0.769,1,WIN,100,130.07000732421875,12317.0703125,0.769,130.07
2023-12-11,Cleveland Cavaliers,Orlando Magic,home,0.683,1,WIN,100,146.3699951171875,12463.4404296875,0.683,146.37
2023-12-11,Denver Nuggets,Atlanta Hawks,away,0.367,0,WIN,100,158.0800018310547,12621.51953125,0.367,158.08
2023-12-12,Los Angeles Lakers,Dallas Mavericks,home,0.605,1,WIN,100,165.3000030517578,12786.8203125,0.605,165.3
2023-12-12,Cleveland Cavaliers,Boston Celtics,home,0.839,1,WIN,100,119.19999694824219,12906.01953125,0.839,119.2
2023-12-12,Sacramento Kings,LA Clippers,home,0.682,1,WIN,100,146.72999572753906,13052.75,0.682,146.73
2023-12-13,New York Knicks,Utah Jazz,away,0.312,1,LOSS,100,-100.0,12952.75,0.312,145.33
2023-12-13,Indiana Pacers,Milwaukee Bucks,home,0.715,1,WIN,100,139.91000366210938,13092.66015625,0.715,139.91
2023-12-13,Memphis Grizzlies,Houston Rockets,home,0.836,1,WIN,100,119.58999633789062,13212.259765625,0.836,119.59
2023-12-13,New Orleans Pelicans,Washington Wizards,away,0.399,0,WIN,100,166.4499969482422,13378.7099609375,0.399,166.45
2023-12-13,Charlotte Hornets,Miami Heat,home,0.733,1,WIN,100,136.42999267578125,13515.1396484375,0.733,136.43
2023-12-13,Philadelphia 76ers,Detroit Pistons,away,0.25,0,WIN,100,133.3300018310547,13648.4599609375,0.25,133.33
2023-12-13,Los Angeles Lakers,San Antonio Spurs,away,0.249,0,WIN,100,133.13999938964844,13781.599609375,0.249,133.14
2023-12-14,Oklahoma City Thunder,Sacramento Kings,away,0.383,1,LOSS,100,-100.0,13681.599609375,0.383,162.12
2023-12-14,Golden State Warriors,LA Clippers,home,0.688,1,WIN,100,145.35000610351562,13826.9501953125,0.688,145.35
2023-12-14,Cleveland Cavaliers,Boston Celtics,home,0.822,1,WIN,100,121.6500015258789,13948.58984375,0.822,121.65
2023-12-14,Chicago Bulls,Miami Heat,home,0.712,0,LOSS,100,-100.0,13848.58984375,0.712,140.47
2023-12-14,Brooklyn Nets,Denver Nuggets,home,0.629,1,WIN,100,158.97999572753906,14007.580078125,0.629,158.98
2023-12-15,Detroit Pistons,Philadelphia 76ers,home,0.789,1,WIN,100,126.7300033569336,14134.2998046875,0.789,126.73
2023-12-15,Orlando Magic,Boston Celtics,home,0.71,1,WIN,100,140.8699951171875,14275.169921875,0.71,140.87
2023-12-15,Los Angeles Lakers,San Antonio Spurs,away,0.265,1,LOSS,100,-100.0,14175.169921875,0.265,136.12
2023-12-15,Houston Rockets,Memphis Grizzlies,away,0.308,0,WIN,100,144.4199981689453,14319.599609375,0.308,144.42
2023-12-15,New York Knicks,Phoenix Suns,home,0.631,0,LOSS,100,-100.0,14219.599609375,0.631,158.53
2023-12-16,New York Knicks,LA Clippers,home,0.718,1,WIN,100,139.27000427246094,14358.8603515625,0.718,139.27
2023-12-16,Utah Jazz,Sacramento Kings,home,0.727,1,WIN,100,137.63999938964844,14496.5,0.727,137.64
2023-12-16,Dallas Mavericks,Portland Trail Blazers,away,0.294,0,WIN,100,141.58999633789062,14638.08984375,0.294,141.59
2023-12-16,Chicago Bulls,Miami Heat,home,0.739,1,WIN,100,135.3000030517578,14773.3896484375,0.739,135.3
2023-12-16,Atlanta Hawks,Cleveland Cavaliers,home,0.733,1,WIN,100,136.36000061035156,14909.75,0.733,136.36
2023-12-16,Philadelphia 76ers,Charlotte Hornets,away,0.351,0,WIN,100,154.1999969482422,15063.9501953125,0.351,154.2
2023-12-16,Detroit Pistons,Milwaukee Bucks,home,0.841,1,WIN,100,118.88999938964844,15182.83984375,0.841,118.89
2023-12-16,Indiana Pacers,Minnesota Timberwolves,home,0.752,1,WIN,100,132.89999389648438,15315.740234375,0.752,132.9
2023-12-17,Orlando Magic,Boston Celtics,home,0.763,1,WIN,100,131.07000732421875,15446.8203125,0.763,131.07
2023-12-17,New Orleans Pelicans,San Antonio Spurs,away,0.335,0,WIN,100,150.4600067138672,15597.2802734375,0.335,150.46
2023-12-17,Washington Wizards,Phoenix Suns,home,0.739,1,WIN,100,135.25999450683594,15732.5400390625,0.739,135.26
2023-12-18,Brooklyn Nets,Utah Jazz,away,0.363,1,LOSS,100,-100.0,15632.5400390625,0.363,156.87
2023-12-18,New York Knicks,Los Angeles Lakers,home,0.727,0,LOSS,100,-100.0,15532.5400390625,0.727,137.47
2023-12-18,Washington Wizards,Sacramento Kings,home,0.818,1,WIN,100,122.19000244140625,15654.73046875,0.818,122.19
2023-12-18,Dallas Mavericks,Denver Nuggets,home,0.634,1,WIN,100,157.7100067138672,15812.4404296875,0.634,157.71
2023-12-18,Memphis Grizzlies,Oklahoma City Thunder,home,0.774,1,WIN,100,129.1999969482422,15941.650390625,0.774,129.2
2023-12-18,Detroit Pistons,Atlanta Hawks,home,0.674,1,WIN,100,148.44000244140625,16090.08984375,0.674,148.44
2023-12-18,Charlotte Hornets,Toronto Raptors,home,0.631,1,WIN,100,158.36000061035156,16248.4501953125,0.631,158.36
2023-12-18,Chicago Bulls,Philadelphia 76ers,home,0.788,0,LOSS,100,-100.0,16148.4501953125,0.788,126.86
2023-12-19,Memphis Grizzlies,New Orleans Pelicans,home,0.835,0,LOSS,100,-100.0,16048.4501953125,0.835,119.81
2023-12-19,San Antonio Spurs,Milwaukee Bucks,home,0.734,1,WIN,100,136.16000366210938,16184.6103515625,0.734,136.16
2023-12-19,Phoenix Suns,Portland Trail Blazers,away,0.316,1,LOSS,100,-100.0,16084.6103515625,0.316,146.14
2023-12-19,Boston Celtics,Golden State Warriors,away,0.34,1,LOSS,100,-100.0,15984.6103515625,0.34,151.44
2023-12-20,Boston Celtics,Sacramento Kings,away,0.377,0,WIN,100,160.4499969482422,16145.0595703125,0.377,160.45
2023-12-20,LA Clippers,Dallas Mavericks,away,0.383,0,WIN,100,162.02000427246094,16307.080078125,0.383,162.02
2023-12-20,Atlanta Hawks,Houston Rockets,home,0.786,0,LOSS,100,-100.0,16207.080078125,0.786,127.26
2023-12-20,New York Knicks,Brooklyn Nets,home,0.614,0,LOSS,100,-100.0,16107.080078125,0.614,162.83
2023-12-20,Miami Heat,Orlando Magic,home,0.715,0,LOSS,100,-100.0,16007.080078125,0.715,139.88
2023-12-20,Utah Jazz,Cleveland Cavaliers,home,0.755,1,WIN,100,132.38999938964844,16139.4697265625,0.755,132.39
2023-12-20,Denver Nuggets,Toronto Raptors,away,0.339,0,WIN,100,151.1999969482422,16290.669921875,0.339,151.2
2023-12-21,Orlando Magic,Milwaukee Bucks,home,0.739,1,WIN,100,135.25999450683594,16425.939453125,0.739,135.26
2023-12-21,Los Angeles Lakers,Minnesota Timberwolves,home,0.828,1,WIN,100,120.72000122070312,16546.66015625,0.828,120.72
2023-12-21,San Antonio Spurs,Chicago Bulls,home,0.654,1,WIN,100,152.7899932861328,16699.44921875,0.654,152.79
2023-12-21,Indiana Pacers,Memphis Grizzlies,away,0.33,1,LOSS,100,-100.0,16599.44921875,0.33,149.34
2023-12-22,Toronto Raptors,Philadelphia 76ers,home,0.769,1,WIN,100,130.02000427246094,16729.4609375,0.769,130.02
2023-12-22,Denver Nuggets,Brooklyn Nets,away,0.393,0,WIN,100,164.8300018310547,16894.2890625,0.393,164.83
2023-12-22,Atlanta Hawks,Miami Heat,home,0.772,1,WIN,100,129.60000610351562,17023.890625,0.772,129.6
2023-12-22,Dallas Mavericks,Houston Rockets,home,0.64,1,WIN,100,156.25999450683594,17180.140625,0.64,156.26
2023-12-22,Washington Wizards,Golden State Warriors,home,0.75,1,WIN,100,133.27000427246094,17313.41015625,0.75,133.27
2023-12-23,Minnesota Timberwolves,Sacramento Kings,away,0.365,0,WIN,100,157.47999572753906,17470.890625,0.365,157.48
2023-12-23,Portland Trail Blazers,Golden State Warriors,home,0.745,1,WIN,100,134.25999450683594,17605.150390625,0.745,134.26
2023-12-23,Los Angeles Lakers,Oklahoma City Thunder,home,0.724,0,LOSS,100,-100.0,17505.150390625,0.724,138.17
2023-12-23,Detroit Pistons,Brooklyn Nets,home,0.651,1,WIN,100,153.69000244140625,17658.83984375,0.651,153.69
2023-12-23,Denver Nuggets,Charlotte Hornets,away,0.32,0,WIN,100,147.08999633789062,17805.9296875,0.32,147.09
2023-12-23,Utah Jazz,Toronto Raptors,home,0.614,0,LOSS,100,-100.0,17705.9296875,0.614,162.95
2023-12-25,Golden State Warriors,Denver Nuggets,home,0.644,1,WIN,100,155.17999267578125,17861.099609375,0.644,155.18
2023-12-26,Charlotte Hornets,LA Clippers,home,0.701,1,WIN,100,142.69000244140625,18003.80078125,0.701,142.69
2023-12-26,Sacramento Kings,Portland Trail Blazers,away,0.285,1,LOSS,100,-100.0,17903.80078125,0.285,139.95
2023-12-26,Indiana Pacers,Houston Rockets,home,0.74,0,LOSS,100,-100.0,17803.80078125,0.74,135.23
2023-12-26,Memphis Grizzlies,New Orleans Pelicans,home,0.727,0,LOSS,100,-100.0,17703.80078125,0.727,137.46
2023-12-26,Utah Jazz,San Antonio Spurs,away,0.389,0,WIN,100,163.64999389648438,17867.44921875,0.389,163.65
2023-12-26,Orlando Magic,Washington Wizards,away,0.319,0,WIN,100,146.75999450683594,18014.2109375,0.319,146.76
2023-12-26,Brooklyn Nets,Detroit Pistons,away,0.326,0,WIN,100,148.42999267578125,18162.640625,0.326,148.43
2023-12-27,Milwaukee Bucks,Brooklyn Nets,away,0.387,0,WIN,100,163.25,18325.890625,0.387,163.25
2023-12-27,New York Knicks,Oklahoma City Thunder,home,0.709,1,WIN,100,140.97000122070312,18466.859375,0.709,140.97
2023-12-27,Phoenix Suns,Houston Rockets,home,0.681,0,LOSS,100,-100.0,18366.859375,0.681,146.93
2023-12-27,Cleveland Cavaliers,Dallas Mavericks,home,0.614,0,LOSS,100,-100.0,18266.859375,0.614,162.84
2023-12-28,Miami Heat,Golden State Warriors,home,0.644,0,LOSS,100,-100.0,18166.859375,0.644,155.37
2023-12-28,Memphis Grizzlies,Denver Nuggets,home,0.751,1,WIN,100,133.22000122070312,18300.08984375,0.751,133.22
2023-12-28,Charlotte Hornets,Los Angeles Lakers,home,0.736,1,WIN,100,135.89999389648438,18435.98046875,0.736,135.9
2023-12-28,Utah Jazz,New Orleans Pelicans,home,0.694,1,WIN,100,144.02000427246094,18580.0,0.694,144.02
2023-12-28,Detroit Pistons,Boston Celtics,home,0.879,1,WIN,100,113.77999877929688,18693.779296875,0.879,113.78
2023-12-28,Dallas Mavericks,Minnesota Timberwolves,home,0.741,1,WIN,100,135.02999877929688,18828.810546875,0.741,135.03
2023-12-29,Toronto Raptors,Boston Celtics,home,0.811,1,WIN,100,123.29000091552734,18952.099609375,0.811,123.29
2023-12-29,Charlotte Hornets,Phoenix Suns,home,0.711,1,WIN,100,140.5500030517578,19092.650390625,0.711,140.55
2023-12-29,Memphis Grizzlies,LA Clippers,home,0.835,1,WIN,100,119.72000122070312,19212.369140625,0.835,119.72
2023-12-30,Los Angeles Lakers,Minnesota Timberwolves,home,0.762,1,WIN,100,131.25,19343.619140625,0.762,131.25
2023-12-30,Toronto Raptors,Detroit Pistons,away,0.364,1,LOSS,100,-100.0,19243.619140625,0.364,157.16
2023-12-30,New York Knicks,Indiana Pacers,home,0.659,1,WIN,100,151.8000030517578,19395.419921875,0.659,151.8
2023-12-31,Sacramento Kings,Memphis Grizzlies,away,0.197,0,WIN,100,124.5,19519.919921875,0.197,124.5
2023-12-31,Boston Celtics,San Antonio Spurs,away,0.307,0,WIN,100,144.27000427246094,19664.1796875,0.307,144.27
2023-12-31,Los Angeles Lakers,New Orleans Pelicans,home,0.724,1,WIN,100,138.11000061035156,19802.30078125,0.724,138.11
2023-12-31,Brooklyn Nets,Oklahoma City Thunder,home,0.757,1,WIN,100,132.17999267578125,19934.48046875,0.757,132.18
2024-01-01,Charlotte Hornets,Denver Nuggets,home,0.739,1,WIN,100,135.32000732421875,20069.80078125,0.739,135.32
2024-01-01,Portland Trail Blazers,Phoenix Suns,home,0.709,1,WIN,100,140.97000122070312,20210.779296875,0.709,140.97
2024-01-01,Detroit Pistons,Houston Rockets,home,0.814,1,WIN,100,122.79000091552734,20333.5703125,0.814,122.79
2024-01-01,Dallas Mavericks,Utah Jazz,away,0.369,1,LOSS,100,-100.0,20233.5703125,0.369,158.51
2024-01-01,Indiana Pacers,Milwaukee Bucks,home,0.727,0,LOSS,100,-100.0,20133.5703125,0.727,137.61
2024-01-01,Miami Heat,LA Clippers,home,0.68,1,WIN,100,147.16000366210938,20280.73046875,0.68,147.16
2024-01-02,Charlotte Hornets,Sacramento Kings,home,0.745,0,LOSS,100,-100.0,20180.73046875,0.745,134.2
2024-01-02,Brooklyn Nets,New Orleans Pelicans,home,0.75,1,WIN,100,133.25999450683594,20313.990234375,0.75,133.26
2024-01-02,Chicago Bulls,Philadelphia 76ers,home,0.735,1,WIN,100,136.0399932861328,20450.029296875,0.735,136.04
2024-01-03,Portland Trail Blazers,Dallas Mavericks,home,0.704,1,WIN,100,142.10000610351562,20592.119140625,0.704,142.1
2024-01-03,Brooklyn Nets,Houston Rockets,home,0.803,1,WIN,100,124.5999984741211,20716.720703125,0.803,124.6
2024-01-03,New Orleans Pelicans,Minnesota Timberwolves,home,0.759,0,LOSS,100,-100.0,20616.720703125,0.759,131.67
2024-01-03,Oklahoma City Thunder,Atlanta Hawks,away,0.397,1,LOSS,100,-100.0,20516.720703125,0.397,165.92
2024-01-03,Washington Wizards,Cleveland Cavaliers,home,0.816,1,WIN,100,122.58999633789062,20639.3203125,0.816,122.59
2024-01-03,Toronto Raptors,Memphis Grizzlies,away,0.224,0,WIN,100,128.8800048828125,20768.19921875,0.224,128.88
2024-01-03,Chicago Bulls,New York Knicks,home,0.766,1,WIN,100,130.52000427246094,20898.720703125,0.766,130.52
2024-01-04,Milwaukee Bucks,San Antonio Spurs,away,0.283,0,WIN,100,139.5399932861328,21038.259765625,0.283,139.54
2024-01-05,Detroit Pistons,Golden State Warriors,home,0.683,1,WIN,100,146.3800048828125,21184.630859375,0.683,146.38
2024-01-05,Orlando Magic,Denver Nuggets,home,0.669,0,LOSS,100,-100.0,21084.630859375,0.669,149.46
2024-01-05,New York Knicks,Philadelphia 76ers,home,0.73,0,LOSS,100,-100.0,20984.630859375,0.73,136.96
2024-01-05,Miami Heat,Phoenix Suns,home,0.699,1,WIN,100,143.1199951171875,21127.75,0.699,143.12
2024-01-05,Memphis Grizzlies,Los Angeles Lakers,home,0.711,0,LOSS,100,-100.0,21027.75,0.711,140.67
2024-01-05,Portland Trail Blazers,Dallas Mavericks,home,0.72,1,WIN,100,138.88999938964844,21166.640625,0.72,138.89
2024-01-05,Utah Jazz,Boston Celtics,home,0.815,1,WIN,100,122.75,21289.390625,0.815,122.75
2024-01-05,Washington Wizards,Cleveland Cavaliers,home,0.786,1,WIN,100,127.22000122070312,21416.599609375,0.786,127.22
2024-01-05,Oklahoma City Thunder,Brooklyn Nets,away,0.359,1,LOSS,100,-100.0,21316.599609375,0.359,155.99
2024-01-05,Atlanta Hawks,Indiana Pacers,home,0.695,1,WIN,100,143.97000122070312,21460.5703125,0.695,143.97
2024-01-06,Utah Jazz,Philadelphia 76ers,home,0.738,0,LOSS,100,-100.0,21360.5703125,0.738,135.5
2024-01-07,Detroit Pistons,Denver Nuggets,home,0.779,1,WIN,100,128.32000732421875,21488.890625,0.779,128.32
2024-01-07,Memphis Grizzlies,Phoenix Suns,home,0.735,0,LOSS,100,-100.0,21388.890625,0.735,136.07
2024-01-07,Portland Trail Blazers,Brooklyn Nets,home,0.724,0,LOSS,100,-100.0,21288.890625,0.724,138.03
2024-01-07,Atlanta Hawks,Orlando Magic,home,0.758,1,WIN,100,131.8699951171875,21420.759765625,0.758,131.87
2024-01-07,San Antonio Spurs,Cleveland Cavaliers,home,0.712,1,WIN,100,140.47000122070312,21561.220703125,0.712,140.47
2024-01-08,Oklahoma City Thunder,Washington Wizards,away,0.278,0,WIN,100,138.47000122070312,21699.69921875,0.278,138.47
2024-01-08,Utah Jazz,Milwaukee Bucks,home,0.741,0,LOSS,100,-100.0,21599.69921875,0.741,134.96
2024-01-08,Phoenix Suns,LA Clippers,home,0.732,1,WIN,100,136.63999938964844,21736.330078125,0.732,136.64
2024-01-09,Sacramento Kings,Detroit Pistons,away,0.321,0,WIN,100,147.30999755859375,21883.650390625,0.321,147.31
2024-01-09,Portland Trail Blazers,New York Knicks,home,0.817,1,WIN,100,122.33999633789062,22005.990234375,0.817,122.34
2024-01-09,Memphis Grizzlies,Dallas Mavericks,home,0.766,0,LOSS,100,-100.0,21905.990234375,0.766,130.62
2024-01-09,Toronto Raptors,Los Angeles Lakers,home,0.63,1,WIN,100,158.8300018310547,22064.8203125,0.63,158.83
2024-01-10,Minnesota Timberwolves,Boston Celtics,home,0.794,1,WIN,100,125.87999725341797,22190.69921875,0.794,125.88
2024-01-10,Toronto Raptors,LA Clippers,home,0.767,1,WIN,100,130.33999633789062,22321.0390625,0.767,130.34
2024-01-10,Denver Nuggets,Utah Jazz,away,0.258,1,LOSS,100,-100.0,22221.0390625,0.258,134.8
2024-01-10,Sacramento Kings,Charlotte Hornets,away,0.304,0,WIN,100,143.72999572753906,22364.779296875,0.304,143.73
2024-01-10,Washington Wizards,Indiana Pacers,home,0.732,1,WIN,100,136.63999938964844,22501.419921875,0.732,136.64
2024-01-10,Philadelphia 76ers,Atlanta Hawks,away,0.351,1,LOSS,100,-100.0,22401.419921875,0.351,154.14
2024-01-11,Brooklyn Nets,Cleveland Cavaliers,home,0.691,1,WIN,100,144.6999969482422,22546.109375,0.691,144.7
2024-01-11,Portland Trail Blazers,Oklahoma City Thunder,home,0.859,1,WIN,100,116.41999816894531,22662.5390625,0.859,116.42
2024-01-12,Portland Trail Blazers,Minnesota Timberwolves,home,0.872,1,WIN,100,114.6500015258789,22777.189453125,0.872,114.65
2024-01-12,LA Clippers,Memphis Grizzlies,away,0.206,0,WIN,100,126.01000213623047,22903.19921875,0.206,126.01
2024-01-12,Houston Rockets,Detroit Pistons,away,0.383,0,WIN,100,162.1300048828125,23065.330078125,0.383,162.13
2024-01-12,Charlotte Hornets,San Antonio Spurs,away,0.398,1,LOSS,100,-100.0,22965.330078125,0.398,166.0
2024-01-13,Houston Rockets,Boston Celtics,home,0.832,1,WIN,100,120.23999786376953,23085.5703125,0.832,120.24
2024-01-13,Washington Wizards,Atlanta Hawks,home,0.629,0,LOSS,100,-100.0,22985.5703125,0.629,158.86
2024-01-13,New York Knicks,Memphis Grizzlies,away,0.31,0,WIN,100,144.92999267578125,23130.5,0.31,144.93
2024-01-13,Orlando Magic,Oklahoma City Thunder,home,0.739,1,WIN,100,135.22999572753906,23265.740234375,0.739,135.23
2024-01-13,Golden State Warriors,Milwaukee Bucks,home,0.782,1,WIN,100,127.86000061035156,23393.599609375,0.782,127.86
2024-01-14,Sacramento Kings,Milwaukee Bucks,home,0.683,1,WIN,100,146.4199981689453,23540.009765625,0.683,146.42
2024-01-14,Phoenix Suns,Portland Trail Blazers,away,0.249,0,WIN,100,133.14999389648438,23673.16015625,0.249,133.15
2024-01-14,Indiana Pacers,Denver Nuggets,home,0.666,1,WIN,100,150.25999450683594,23823.4296875,0.666,150.26
2024-01-14,Charlotte Hornets,Miami Heat,home,0.774,1,WIN,100,129.25,23952.6796875,0.774,129.25
2024-01-15,Chicago Bulls,Cleveland Cavaliers,home,0.734,1,WIN,100,136.19000244140625,24088.869140625,0.734,136.19
2024-01-15,Golden State Warriors,Memphis Grizzlies,away,0.324,1,LOSS,100,-100.0,23988.869140625,0.324,147.83
2024-01-15,Boston Celtics,Toronto Raptors,away,0.351,0,WIN,100,154.08999633789062,24142.9609375,0.351,154.09
2024-01-15,Houston Rockets,Philadelphia 76ers,home,0.698,1,WIN,100,143.1699981689453,24286.130859375,0.698,143.17
2024-01-17,Brooklyn Nets,Portland Trail Blazers,away,0.312,1,LOSS,100,-100.0,24186.130859375,0.312,145.41
2024-01-17,San Antonio Spurs,Boston Celtics,home,0.805,1,WIN,100,124.1500015258789,24310.279296875,0.805,124.15
2024-01-17,Charlotte Hornets,New Orleans Pelicans,home,0.759,1,WIN,100,131.72999572753906,24442.01953125,0.759,131.73
2024-01-17,Orlando Magic,Atlanta Hawks,away,0.394,1,LOSS,100,-100.0,24342.01953125,0.394,165.13
2024-01-17,Minnesota Timberwolves,Detroit Pistons,away,0.319,0,WIN,100,146.77999877929688,24488.80078125,0.319,146.78
2024-01-18,Washington Wizards,New York Knicks,home,0.821,1,WIN,100,121.86000061035156,24610.66015625,0.821,121.86
2024-01-18,Oklahoma City Thunder,Utah Jazz,away,0.375,0,WIN,100,160.08999633789062,24770.75,0.375,160.09
2024-01-18,Memphis Grizzlies,Minnesota Timberwolves,home,0.848,1,WIN,100,117.97000122070312,24888.73046875,0.848,117.97
2024-01-19,Brooklyn Nets,Los Angeles Lakers,home,0.66,0,LOSS,100,-100.0,24788.73046875,0.66,151.62
2024-01-19,Indiana Pacers,Portland Trail Blazers,away,0.337,1,LOSS,100,-100.0,24688.73046875,0.337,150.76
2024-01-19,Atlanta Hawks,Miami Heat,home,0.746,0,LOSS,100,-100.0,24588.73046875,0.746,134.06
2024-01-19,Denver Nuggets,Boston Celtics,home,0.758,0,LOSS,100,-100.0,24488.73046875,0.758,131.94
2024-01-19,Phoenix Suns,New Orleans Pelicans,home,0.666,0,LOSS,100,-100.0,24388.73046875,0.666,150.18
2024-01-20,Memphis Grizzlies,Chicago Bulls,home,0.677,1,WIN,100,147.75,24536.470703125,0.677,147.75
2024-01-20,Utah Jazz,Houston Rockets,home,0.631,1,WIN,100,158.4499969482422,24694.919921875,0.631,158.45
2024-01-20,Toronto Raptors,New York Knicks,home,0.727,1,WIN,100,137.5500030517578,24832.470703125,0.727,137.55
2024-01-20,Milwaukee Bucks,Detroit Pistons,away,0.297,0,WIN,100,142.14999389648438,24974.619140625,0.297,142.15
2024-01-20,Philadelphia 76ers,Charlotte Hornets,away,0.241,0,WIN,100,131.7899932861328,25106.41015625,0.241,131.79
2024-01-20,Cleveland Cavaliers,Atlanta Hawks,away,0.38,0,WIN,100,161.16000366210938,25267.5703125,0.38,161.16
2024-01-21,Brooklyn Nets,LA Clippers,home,0.774,1,WIN,100,129.22999572753906,25396.80078125,0.774,129.23
2024-01-21,Denver Nuggets,Washington Wizards,away,0.245,0,WIN,100,132.3800048828125,25529.1796875,0.245,132.38
2024-01-21,Miami Heat,Orlando Magic,home,0.61,1,WIN,100,163.94000244140625,25693.119140625,0.61,163.94
2024-01-21,Boston Celtics,Houston Rockets,away,0.336,0,WIN,100,150.5500030517578,25843.669921875,0.336,150.55
2024-01-21,Indiana Pacers,Phoenix Suns,home,0.67,1,WIN,100,149.1999969482422,25992.869140625,0.67,149.2
2024-01-21,Portland Trail Blazers,Los Angeles Lakers,home,0.774,1,WIN,100,129.22000122070312,26122.080078125,0.774,129.22
2024-01-22,Chicago Bulls,Phoenix Suns,home,0.684,1,WIN,100,146.16000366210938,26268.240234375,0.684,146.16
2024-01-22,Atlanta Hawks,Sacramento Kings,home,0.689,1,WIN,100,145.22999572753906,26413.470703125,0.689,145.23
2024-01-22,Charlotte Hornets,Minnesota Timberwolves,home,0.84,0,LOSS,100,-100.0,26313.470703125,0.84,119.03
2024-01-22,San Antonio Spurs,Philadelphia 76ers,home,0.753,1,WIN,100,132.7899932861328,26446.26953125,0.753,132.79
2024-01-22,Milwaukee Bucks,Detroit Pistons,away,0.313,0,WIN,100,145.55999755859375,26591.8203125,0.313,145.56
2024-01-22,Memphis Grizzlies,Toronto Raptors,home,0.657,0,LOSS,100,-100.0,26491.8203125,0.657,152.13
2024-01-23,Utah Jazz,New Orleans Pelicans,home,0.666,1,WIN,100,150.22000122070312,26642.05078125,0.666,150.22
2024-01-23,Portland Trail Blazers,Oklahoma City Thunder,home,0.882,1,WIN,100,113.33000183105469,26755.380859375,0.882,113.33
2024-01-23,Los Angeles Lakers,LA Clippers,home,0.748,1,WIN,100,133.67999267578125,26889.060546875,0.748,133.68
2024-01-24,Atlanta Hawks,Golden State Warriors,home,0.746,1,WIN,100,134.0500030517578,27023.099609375,0.746,134.05
2024-01-24,Oklahoma City Thunder,San Antonio Spurs,away,0.277,0,WIN,100,138.27999877929688,27161.380859375,0.277,138.28
2024-01-24,Portland Trail Blazers,Houston Rockets,home,0.784,0,LOSS,100,-100.0,27061.380859375,0.784,127.47
2024-01-24,Memphis Grizzlies,Miami Heat,home,0.773,0,LOSS,100,-100.0,26961.380859375,0.773,129.41
2024-01-24,Minnesota Timberwolves,Washington Wizards,away,0.246,0,WIN,100,132.6699981689453,27094.05078125,0.246,132.67
2024-01-24,Cleveland Cavaliers,Milwaukee Bucks,home,0.637,1,WIN,100,157.0800018310547,27251.140625,0.637,157.08
2024-01-25,Chicago Bulls,Los Angeles Lakers,home,0.611,1,WIN,100,163.66000366210938,27414.80078125,0.611,163.66
2024-01-25,Minnesota Timberwolves,Brooklyn Nets,away,0.397,0,WIN,100,165.77000427246094,27580.5703125,0.397,165.77
2024-01-26,Houston Rockets,Charlotte Hornets,away,0.32,0,WIN,100,147.1300048828125,27727.69921875,0.32,147.13
2024-01-26,Dallas Mavericks,Atlanta Hawks,away,0.286,0,WIN,100,140.00999450683594,27867.7109375,0.286,140.01
2024-01-26,LA Clippers,Toronto Raptors,away,0.318,0,WIN,100,146.67999267578125,28014.400390625,0.318,146.68
2024-01-26,Orlando Magic,Memphis Grizzlies,away,0.323,1,LOSS,100,-100.0,27914.400390625,0.323,147.62
2024-01-26,Cleveland Cavaliers,Milwaukee Bucks,home,0.647,0,LOSS,100,-100.0,27814.400390625,0.647,154.56
2024-01-27,Los Angeles Lakers,Golden State Warriors,home,0.628,0,LOSS,100,-100.0,27714.400390625,0.628,159.31
2024-01-27,Minnesota Timberwolves,San Antonio Spurs,away,0.296,1,LOSS,100,-100.0,27614.400390625,0.296,141.97
2024-01-27,LA Clippers,Boston Celtics,home,0.767,0,LOSS,100,-100.0,27514.400390625,0.767,130.41
2024-01-27,New Orleans Pelicans,Milwaukee Bucks,home,0.74,1,WIN,100,135.1300048828125,27649.51953125,0.74,135.13
2024-01-27,Miami Heat,New York Knicks,home,0.699,1,WIN,100,143.02000427246094,27792.5390625,0.699,143.02
2024-01-27,Utah Jazz,Charlotte Hornets,away,0.372,0,WIN,100,159.22999572753906,27951.759765625,0.372,159.23
2024-01-28,Oklahoma City Thunder,Detroit Pistons,away,0.261,1,LOSS,100,-100.0,27851.759765625,0.261,135.38
2024-01-28,Memphis Grizzlies,Indiana Pacers,home,0.691,1,WIN,100,144.77999877929688,27996.55078125,0.691,144.78
2024-01-28,Chicago Bulls,Portland Trail Blazers,away,0.326,0,WIN,100,148.44000244140625,28144.990234375,0.326,148.44
2024-01-29,Philadelphia 76ers,Portland Trail Blazers,away,0.189,1,LOSS,100,-100.0,28044.990234375,0.189,123.28
2024-01-29,New Orleans Pelicans,Boston Celtics,home,0.804,1,WIN,100,124.33999633789062,28169.330078125,0.804,124.34
2024-01-29,New York Knicks,Charlotte Hornets,away,0.29,0,WIN,100,140.94000244140625,28310.26953125,0.29,140.94
2024-01-29,Sacramento Kings,Memphis Grizzlies,away,0.239,0,WIN,100,131.3300018310547,28441.599609375,0.239,131.33
2024-01-30,Utah Jazz,New York Knicks,home,0.772,1,WIN,100,129.5,28571.099609375,0.772,129.5
2024-01-30,Indiana Pacers,Boston Celtics,home,0.798,1,WIN,100,125.23999786376953,28696.33984375,0.798,125.24
2024-01-31,Milwaukee Bucks,Portland Trail Blazers,away,0.258,1,LOSS,100,-100.0,28596.33984375,0.258,134.81
2024-01-31,Phoenix Suns,Brooklyn Nets,away,0.381,0,WIN,100,161.50999450683594,28757.859375,0.381,161.51
2024-01-31,Denver Nuggets,Oklahoma City Thunder,home,0.682,1,WIN,100,146.69000244140625,28904.560546875,0.682,146.69
2024-01-31,Dallas Mavericks,Minnesota Timberwolves,home,0.681,1,WIN,100,146.94000244140625,29051.490234375,0.681,146.94
2024-01-31,Detroit Pistons,Cleveland Cavaliers,home,0.844,1,WIN,100,118.48999786376953,29169.98046875,0.844,118.49
2024-01-31,LA Clippers,Washington Wizards,away,0.16,0,WIN,100,119.08999633789062,29289.0703125,0.16,119.09
2024-01-31,Orlando Magic,San Antonio Spurs,away,0.396,0,WIN,100,165.5399932861328,29454.599609375,0.396,165.54
2024-02-01,Philadelphia 76ers,Utah Jazz,away,0.381,0,WIN,100,161.4600067138672,29616.060546875,0.381,161.46
2024-02-01,Cleveland Cavaliers,Memphis Grizzlies,away,0.301,0,WIN,100,143.08999633789062,29759.150390625,0.301,143.09
2024-02-01,Indiana Pacers,New York Knicks,home,0.708,1,WIN,100,141.25,29900.400390625,0.708,141.25
2024-02-01,Los Angeles Lakers,Boston Celtics,home,0.797,0,LOSS,100,-100.0,29800.400390625,0.797,125.47
2024-02-02,Portland Trail Blazers,Denver Nuggets,home,0.86,1,WIN,100,116.30999755859375,29916.7109375,0.86,116.31
2024-02-02,LA Clippers,Detroit Pistons,away,0.237,0,WIN,100,131.1199951171875,30047.830078125,0.237,131.12
2024-02-02,Miami Heat,Washington Wizards,away,0.384,0,WIN,100,162.36000061035156,30210.189453125,0.384,162.36
2024-02-02,Phoenix Suns,Atlanta Hawks,away,0.332,1,LOSS,100,-100.0,30110.189453125,0.332,149.72
2024-02-02,Orlando Magic,Minnesota Timberwolves,home,0.734,0,LOSS,100,-100.0,30010.189453125,0.734,136.31
2024-02-02,New Orleans Pelicans,San Antonio Spurs,away,0.317,0,WIN,100,146.50999450683594,30156.69921875,0.317,146.51
2024-02-02,Toronto Raptors,Houston Rockets,home,0.728,1,WIN,100,137.30999755859375,30294.0,0.728,137.31
2024-02-02,Golden State Warriors,Memphis Grizzlies,away,0.325,0,WIN,100,148.19000244140625,30442.189453125,0.325,148.19
2024-02-02,Charlotte Hornets,Oklahoma City Thunder,home,0.792,1,WIN,100,126.30000305175781,30568.5,0.792,126.3
2024-02-03,Milwaukee Bucks,Dallas Mavericks,away,0.331,0,WIN,100,149.41000366210938,30717.91015625,0.331,149.41
2024-02-03,Cleveland Cavaliers,San Antonio Spurs,away,0.34,0,WIN,100,151.50999450683594,30869.419921875,0.34,151.51
2024-02-03,Los Angeles Lakers,New York Knicks,home,0.7,0,LOSS,100,-100.0,30769.419921875,0.7,142.87
2024-02-03,Brooklyn Nets,Philadelphia 76ers,home,0.713,0,LOSS,100,-100.0,30669.419921875,0.713,140.32
2024-02-04,Portland Trail Blazers,Denver Nuggets,home,0.873,1,WIN,100,114.51000213623047,30783.9296875,0.873,114.51
2024-02-04,Toronto Raptors,Oklahoma City Thunder,home,0.822,1,WIN,100,121.69999694824219,30905.619140625,0.822,121.7
2024-02-04,Houston Rockets,Minnesota Timberwolves,home,0.729,1,WIN,100,137.22999572753906,31042.849609375,0.729,137.23
2024-02-04,Orlando Magic,Detroit Pistons,away,0.306,0,WIN,100,144.02000427246094,31186.880859375,0.306,144.02
2024-02-04,Indiana Pacers,Charlotte Hornets,away,0.367,0,WIN,100,157.88999938964844,31344.759765625,0.367,157.89
2024-02-04,Memphis Grizzlies,Boston Celtics,home,0.882,1,WIN,100,113.36000061035156,31458.119140625,0.882,113.36
2024-02-04,Phoenix Suns,Washington Wizards,away,0.252,0,WIN,100,133.75,31591.869140625,0.252,133.75
2024-02-04,LA Clippers,Miami Heat,away,0.39,0,WIN,100,164.00999450683594,31755.880859375,0.39,164.01
2024-02-05,Dallas Mavericks,Philadelphia 76ers,home,0.618,0,LOSS,100,-100.0,31655.880859375,0.618,161.76
2024-02-05,Los Angeles Lakers,Charlotte Hornets,away,0.354,0,WIN,100,154.83999633789062,31810.720703125,0.354,154.84
2024-02-05,Sacramento Kings,Cleveland Cavaliers,home,0.618,1,WIN,100,161.80999755859375,31972.529296875,0.618,161.81
2024-02-05,LA Clippers,Atlanta Hawks,away,0.304,0,WIN,100,143.7100067138672,32116.240234375,0.304,143.71
2024-02-05,Toronto Raptors,New Orleans Pelicans,home,0.814,1,WIN,100,122.83999633789062,32239.080078125,0.814,122.84
2024-02-06,Oklahoma City Thunder,Utah Jazz,away,0.351,1,LOSS,100,-100.0,32139.080078125,0.351,154.13
2024-02-06,Minnesota Timberwolves,Chicago Bulls,away,0.397,1,LOSS,100,-100.0,32039.080078125,0.397,165.94
2024-02-06,Memphis Grizzlies,New York Knicks,home,0.791,1,WIN,100,126.43000030517578,32165.509765625,0.791,126.43
2024-02-07,Cleveland Cavaliers,Washington Wizards,away,0.281,0,WIN,100,139.05999755859375,32304.580078125,0.281,139.06
2024-02-07,Atlanta Hawks,Boston Celtics,home,0.837,1,WIN,100,119.51000213623047,32424.080078125,0.837,119.51
2024-02-07,San Antonio Spurs,Miami Heat,home,0.778,1,WIN,100,128.61000061035156,32552.69921875,0.778,128.61
2024-02-07,Golden State Warriors,Philadelphia 76ers,home,0.661,0,LOSS,100,-100.0,32452.69921875,0.661,151.3
2024-02-07,New Orleans Pelicans,LA Clippers,home,0.656,0,LOSS,100,-100.0,32352.69921875,0.656,152.52
2024-02-07,Detroit Pistons,Sacramento Kings,home,0.769,0,LOSS,100,-100.0,32252.69921875,0.769,129.97
2024-02-08,Utah Jazz,Phoenix Suns,home,0.641,1,WIN,100,156.08999633789062,32408.7890625,0.641,156.09
2024-02-08,Chicago Bulls,Memphis Grizzlies,away,0.299,0,WIN,100,142.6300048828125,32551.419921875,0.299,142.63
2024-02-08,Dallas Mavericks,New York Knicks,home,0.648,0,LOSS,100,-100.0,32451.419921875,0.648,154.34
2024-02-08,San Antonio Spurs,Orlando Magic,home,0.811,1,WIN,100,123.37999725341797,32574.80078125,0.811,123.38
2024-02-09,Atlanta Hawks,Philadelphia 76ers,home,0.789,0,LOSS,100,-100.0,32474.80078125,0.789,126.76
2024-02-09,Washington Wizards,Boston Celtics,home,0.891,1,WIN,100,112.18000030517578,32586.98046875,0.891,112.18
2024-02-09,Charlotte Hornets,Milwaukee Bucks,home,0.749,1,WIN,100,133.57000732421875,32720.5390625,0.749,133.57
2024-02-10,New Orleans Pelicans,Portland Trail Blazers,away,0.254,0,WIN,100,134.07000732421875,32854.609375,0.254,134.07
2024-02-10,Cleveland Cavaliers,Toronto Raptors,away,0.352,0,WIN,100,154.3000030517578,33008.921875,0.352,154.3
2024-02-10,Indiana Pacers,New York Knicks,home,0.757,0,LOSS,100,-100.0,32908.921875,0.757,132.13
2024-02-10,Philadelphia 76ers,Washington Wizards,away,0.292,0,WIN,100,141.22999572753906,33050.1484375,0.292,141.23
2024-02-10,Oklahoma City Thunder,Dallas Mavericks,away,0.367,1,LOSS,100,-100.0,32950.1484375,0.367,158.03
2024-02-10,Chicago Bulls,Orlando Magic,home,0.652,1,WIN,100,153.44000244140625,33103.58984375,0.652,153.44
2024-02-10,San Antonio Spurs,Brooklyn Nets,home,0.658,1,WIN,100,151.97000122070312,33255.5703125,0.658,151.97
2024-02-10,Detroit Pistons,LA Clippers,home,0.813,1,WIN,100,122.97000122070312,33378.5390625,0.813,122.97
2024-02-11,Sacramento Kings,Oklahoma City Thunder,home,0.646,1,WIN,100,154.69000244140625,33533.23046875,0.646,154.69
2024-02-12,Denver Nuggets,Milwaukee Bucks,home,0.647,1,WIN,100,154.6699981689453,33687.8984375,0.647,154.67
2024-02-12,Washington Wizards,Dallas Mavericks,home,0.834,1,WIN,100,119.87000274658203,33807.76171875,0.834,119.87
2024-02-12,San Antonio Spurs,Toronto Raptors,home,0.629,0,LOSS,100,-100.0,33707.76171875,0.629,158.96
2024-02-12,Indiana Pacers,Charlotte Hornets,away,0.343,1,LOSS,100,-100.0,33607.76171875,0.343,152.15
2024-02-12,Philadelphia 76ers,Cleveland Cavaliers,home,0.671,0,LOSS,100,-100.0,33507.76171875,0.671,148.97
2024-02-12,New Orleans Pelicans,Memphis Grizzlies,away,0.221,0,WIN,100,128.44000244140625,33636.19921875,0.221,128.44
2024-02-13,Minnesota Timberwolves,Portland Trail Blazers,away,0.248,0,WIN,100,132.94000244140625,33769.140625,0.248,132.94
2024-02-13,Detroit Pistons,Los Angeles Lakers,home,0.773,1,WIN,100,129.4499969482422,33898.578125,0.773,129.45
2024-02-13,Miami Heat,Milwaukee Bucks,home,0.642,0,LOSS,100,-100.0,33798.578125,0.642,155.73
2024-02-13,Boston Celtics,Brooklyn Nets,away,0.395,0,WIN,100,165.2100067138672,33963.7890625,0.395,165.21
2024-02-14,Los Angeles Lakers,Utah Jazz,home,0.625,0,LOSS,100,-100.0,33863.7890625,0.625,160.11
2024-02-14,Sacramento Kings,Denver Nuggets,home,0.682,0,LOSS,100,-100.0,33763.7890625,0.682,146.58
2024-02-14,Detroit Pistons,Phoenix Suns,home,0.884,1,WIN,100,113.06999969482422,33876.859375,0.884,113.07
2024-02-14,San Antonio Spurs,Dallas Mavericks,home,0.743,1,WIN,100,134.66000366210938,34011.53125,0.743,134.66
2024-02-14,Washington Wizards,New Orleans Pelicans,home,0.884,1,WIN,100,113.05999755859375,34124.58984375,0.884,113.06
2024-02-14,Houston Rockets,Memphis Grizzlies,away,0.281,1,LOSS,100,-100.0,34024.58984375,0.281,139.06
2024-02-14,Brooklyn Nets,Boston Celtics,home,0.852,1,WIN,100,117.31999969482422,34141.91015625,0.852,117.32
2024-02-14,Atlanta Hawks,Charlotte Hornets,away,0.367,1,LOSS,100,-100.0,34041.91015625,0.367,157.91
2024-02-14,Miami Heat,Philadelphia 76ers,home,0.775,0,LOSS,100,-100.0,33941.91015625,0.775,129.03
2024-02-14,Chicago Bulls,Cleveland Cavaliers,home,0.762,1,WIN,100,131.22000122070312,34073.12890625,0.762,131.22
2024-02-29,Miami Heat,Denver Nuggets,home,0.659,1,WIN,100,151.7100067138672,34224.83984375,0.659,151.71
2024-02-29,Washington Wizards,Los Angeles Lakers,home,0.792,1,WIN,100,126.20999908447266,34351.05859375,0.792,126.21
2024-02-29,Oklahoma City Thunder,San Antonio Spurs,away,0.289,1,LOSS,100,-100.0,34251.05859375,0.289,140.58
2024-02-29,Houston Rockets,Phoenix Suns,home,0.685,1,WIN,100,145.97000122070312,34397.03125,0.685,145.97
2024-02-29,Golden State Warriors,New York Knicks,home,0.635,0,LOSS,100,-100.0,34297.03125,0.635,157.47
2024-02-29,Utah Jazz,Orlando Magic,home,0.747,1,WIN,100,133.86000061035156,34430.890625,0.747,133.86
2024-02-29,Milwaukee Bucks,Charlotte Hornets,away,0.234,0,WIN,100,130.58999633789062,34561.48046875,0.234,130.59
2024-03-01,Cleveland Cavaliers,Detroit Pistons,away,0.345,0,WIN,100,152.60000610351562,34714.08984375,0.345,152.6
2024-03-01,Charlotte Hornets,Philadelphia 76ers,home,0.795,1,WIN,100,125.8499984741211,34839.9296875,0.795,125.85
2024-03-01,Dallas Mavericks,Boston Celtics,home,0.778,1,WIN,100,128.47000122070312,34968.3984375,0.778,128.47
2024-03-01,Indiana Pacers,New Orleans Pelicans,home,0.721,1,WIN,100,138.75999450683594,35107.171875,0.721,138.76
2024-03-01,Sacramento Kings,Minnesota Timberwolves,home,0.703,0,LOSS,100,-100.0,35007.171875,0.703,142.27
2024-03-01,Washington Wizards,LA Clippers,home,0.875,1,WIN,100,114.3499984741211,35121.51953125,0.875,114.35
2024-03-02,Houston Rockets,Phoenix Suns,home,0.721,0,LOSS,100,-100.0,35021.51953125,0.721,138.62
2024-03-02,Atlanta Hawks,Brooklyn Nets,home,0.617,1,WIN,100,162.08999633789062,35183.609375,0.617,162.09
2024-03-02,Utah Jazz,Miami Heat,home,0.751,1,WIN,100,133.22000122070312,35316.828125,0.751,133.22
2024-03-03,New York Knicks,Cleveland Cavaliers,home,0.714,0,LOSS,100,-100.0,35216.828125,0.714,140.11
2024-03-03,Charlotte Hornets,Toronto Raptors,home,0.608,1,WIN,100,164.44000244140625,35381.26171875,0.608,164.44
2024-03-03,Golden State Warriors,Boston Celtics,home,0.719,1,WIN,100,139.17999267578125,35520.44140625,0.719,139.18
2024-03-03,Philadelphia 76ers,Dallas Mavericks,away,0.384,0,WIN,100,162.27999877929688,35682.71875,0.384,162.28
2024-03-03,Detroit Pistons,Orlando Magic,home,0.875,1,WIN,100,114.2300033569336,35796.94921875,0.875,114.23
2024-03-04,Memphis Grizzlies,Brooklyn Nets,home,0.683,0,LOSS,100,-100.0,35696.94921875,0.683,146.46
2024-03-04,Portland Trail Blazers,Minnesota Timberwolves,home,0.899,1,WIN,100,111.19000244140625,35808.140625,0.899,111.19
2024-03-04,LA Clippers,Milwaukee Bucks,home,0.692,1,WIN,100,144.39999389648438,35952.55078125,0.692,144.4
2024-03-04,Washington Wizards,Utah Jazz,home,0.651,1,WIN,100,153.7100067138672,36106.26171875,0.651,153.71
2024-03-05,Phoenix Suns,Denver Nuggets,home,0.611,0,LOSS,100,-100.0,36006.26171875,0.611,163.78
2024-03-05,Indiana Pacers,Dallas Mavericks,home,0.628,0,LOSS,100,-100.0,35906.26171875,0.628,159.19
2024-03-05,San Antonio Spurs,Houston Rockets,home,0.715,1,WIN,100,139.80999755859375,36046.0703125,0.715,139.81
2024-03-05,Detroit Pistons,Miami Heat,home,0.864,1,WIN,100,115.73999786376953,36161.80078125,0.864,115.74
2024-03-05,New Orleans Pelicans,Toronto Raptors,away,0.367,0,WIN,100,157.91000366210938,36319.71875,0.367,157.91
2024-03-05,Orlando Magic,Charlotte Hornets,away,0.302,0,WIN,100,143.27999877929688,36463.0,0.302,143.28
2024-03-05,Atlanta Hawks,New York Knicks,home,0.755,0,LOSS,100,-100.0,36363.0,0.755,132.44
2024-03-06,Orlando Magic,Washington Wizards,away,0.367,0,WIN,100,157.8800048828125,36520.87890625,0.367,157.88
2024-03-06,Memphis Grizzlies,Philadelphia 76ers,home,0.808,0,LOSS,100,-100.0,36420.87890625,0.808,123.8
2024-03-06,LA Clippers,Houston Rockets,away,0.35,0,WIN,100,153.82000732421875,36574.69921875,0.35,153.82
2024-03-06,Oklahoma City Thunder,Portland Trail Blazers,away,0.21,0,WIN,100,126.5199966430664,36701.21875,0.21,126.52
2024-03-07,San Antonio Spurs,Sacramento Kings,home,0.772,1,WIN,100,129.5800018310547,36830.80078125,0.772,129.58
2024-03-07,Toronto Raptors,Phoenix Suns,home,0.785,1,WIN,100,127.30999755859375,36958.109375,0.785,127.31
2024-03-07,Minnesota Timberwolves,Indiana Pacers,away,0.386,0,WIN,100,162.8800048828125,37121.0,0.386,162.88
2024-03-08,Atlanta Hawks,Memphis Grizzlies,away,0.271,0,WIN,100,137.13999938964844,37258.12890625,0.271,137.14
2024-03-08,Miami Heat,Oklahoma City Thunder,home,0.849,1,WIN,100,117.8499984741211,37375.98046875,0.849,117.85
2024-03-08,Houston Rockets,Portland Trail Blazers,away,0.316,0,WIN,100,146.2899932861328,37522.28125,0.316,146.29
2024-03-08,Charlotte Hornets,Washington Wizards,away,0.374,1,LOSS,100,-100.0,37422.28125,0.374,159.77
2024-03-08,Minnesota Timberwolves,Cleveland Cavaliers,home,0.664,1,WIN,100,150.6300048828125,37572.8984375,0.664,150.63
2024-03-09,Chicago Bulls,LA Clippers,home,0.777,1,WIN,100,128.75,37701.66015625,0.777,128.75
2024-03-09,Brooklyn Nets,Charlotte Hornets,away,0.378,1,LOSS,100,-100.0,37601.66015625,0.378,160.89
2024-03-09,Dallas Mavericks,Detroit Pistons,away,0.342,0,WIN,100,152.0,37753.66015625,0.342,152.0
2024-03-09,San Antonio Spurs,Golden State Warriors,home,0.765,0,LOSS,100,-100.0,37653.66015625,0.765,130.67
2024-03-09,Utah Jazz,Denver Nuggets,home,0.709,1,WIN,100,141.02000427246094,37794.6796875,0.709,141.02
2024-03-09,Toronto Raptors,Portland Trail Blazers,away,0.343,1,LOSS,100,-100.0,37694.6796875,0.343,152.24
2024-03-10,Memphis Grizzlies,Oklahoma City Thunder,home,0.857,1,WIN,100,116.62999725341797,37811.30859375,0.857,116.63
2024-03-10,Philadelphia 76ers,New York Knicks,home,0.631,0,LOSS,100,-100.0,37711.30859375,0.631,158.49
2024-03-10,Washington Wizards,Miami Heat,home,0.881,0,LOSS,100,-100.0,37611.30859375,0.881,113.54
2024-03-10,Brooklyn Nets,Cleveland Cavaliers,home,0.869,0,LOSS,100,-100.0,37511.30859375,0.869,115.05
2024-03-10,Houston Rockets,Sacramento Kings,home,0.656,0,LOSS,100,-100.0,37411.30859375,0.656,152.55
2024-03-10,Milwaukee Bucks,LA Clippers,home,0.634,0,LOSS,100,-100.0,37311.30859375,0.634,157.6
2024-03-10,Indiana Pacers,Orlando Magic,home,0.737,0,LOSS,100,-100.0,37211.30859375,0.737,135.63
2024-03-10,New Orleans Pelicans,Atlanta Hawks,away,0.369,0,WIN,100,158.5,37369.80859375,0.369,158.5
2024-03-11,Phoenix Suns,Cleveland Cavaliers,home,0.709,0,LOSS,100,-100.0,37269.80859375,0.709,140.95
2024-03-11,Golden State Warriors,San Antonio Spurs,away,0.388,0,WIN,100,163.2899932861328,37433.1015625,0.388,163.29
2024-03-11,Toronto Raptors,Denver Nuggets,home,0.817,1,WIN,100,122.38999938964844,37555.48828125,0.817,122.39
2024-03-11,Boston Celtics,Portland Trail Blazers,away,0.264,0,WIN,100,135.91000366210938,37691.3984375,0.264,135.91
2024-03-12,Boston Celtics,Utah Jazz,away,0.388,0,WIN,100,163.50999450683594,37854.8984375,0.388,163.51
2024-03-12,Indiana Pacers,Oklahoma City Thunder,home,0.759,0,LOSS,100,-100.0,37754.8984375,0.759,131.7
2024-03-12,Philadelphia 76ers,New York Knicks,home,0.629,1,WIN,100,159.07000732421875,37913.98046875,0.629,159.07
2024-03-13,Atlanta Hawks,Portland Trail Blazers,away,0.299,1,LOSS,100,-100.0,37813.98046875,0.299,142.73
2024-03-13,Charlotte Hornets,Memphis Grizzlies,away,0.392,0,WIN,100,164.55999755859375,37978.5390625,0.392,164.56
2024-03-13,Brooklyn Nets,Orlando Magic,home,0.694,1,WIN,100,144.05999755859375,38122.6015625,0.694,144.06
2024-03-13,Chicago Bulls,Indiana Pacers,home,0.621,0,LOSS,100,-100.0,38022.6015625,0.621,161.1
2024-03-13,Cleveland Cavaliers,New Orleans Pelicans,home,0.663,0,LOSS,100,-100.0,37922.6015625,0.663,150.75
2024-03-14,Phoenix Suns,Boston Celtics,home,0.71,1,WIN,100,140.89999389648438,38063.5,0.71,140.9
2024-03-14,LA Clippers,Chicago Bulls,away,0.358,0,WIN,100,155.72000122070312,38219.23046875,0.358,155.72
2024-03-14,Philadelphia 76ers,Milwaukee Bucks,home,0.702,1,WIN,100,142.3800048828125,38361.6015625,0.702,142.38
2024-03-14,Washington Wizards,Houston Rockets,home,0.809,1,WIN,100,123.56999969482422,38485.171875,0.809,123.57
2024-03-14,New York Knicks,Portland Trail Blazers,away,0.227,0,WIN,100,129.2899932861328,38614.44921875,0.227,129.29
2024-03-14,Dallas Mavericks,Oklahoma City Thunder,home,0.723,1,WIN,100,138.25,38752.69921875,0.723,138.25
2024-03-15,LA Clippers,New Orleans Pelicans,home,0.658,1,WIN,100,152.07000732421875,38904.76953125,0.658,152.07
2024-03-15,Denver Nuggets,San Antonio Spurs,away,0.249,0,WIN,100,133.17999267578125,39037.94921875,0.249,133.18
2024-03-15,Phoenix Suns,Charlotte Hornets,away,0.272,0,WIN,100,137.4499969482422,39175.3984375,0.272,137.45
2024-03-15,Orlando Magic,Toronto Raptors,away,0.396,0,WIN,100,165.63999938964844,39341.0390625,0.396,165.64
2024-03-16,Minnesota Timberwolves,Utah Jazz,away,0.355,0,WIN,100,155.02000427246094,39496.05859375,0.355,155.02
2024-03-16,Washington Wizards,Chicago Bulls,home,0.795,1,WIN,100,125.80999755859375,39621.87890625,0.795,125.81
2024-03-16,Portland Trail Blazers,New Orleans Pelicans,home,0.878,1,WIN,100,113.91999816894531,39735.80078125,0.878,113.92
2024-03-16,Charlotte Hornets,Philadelphia 76ers,home,0.829,1,WIN,100,120.58000183105469,39856.37890625,0.829,120.58
2024-03-16,Brooklyn Nets,Indiana Pacers,home,0.722,1,WIN,100,138.5399932861328,39994.921875,0.722,138.54
2024-03-16,Cleveland Cavaliers,Houston Rockets,away,0.381,1,LOSS,100,-100.0,39894.921875,0.381,161.65
2024-03-16,Oklahoma City Thunder,Memphis Grizzlies,away,0.144,0,WIN,100,116.8499984741211,40011.76171875,0.144,116.85
2024-03-17,Boston Celtics,Washington Wizards,away,0.303,0,WIN,100,143.44000244140625,40155.19921875,0.303,143.44
2024-03-17,Toronto Raptors,Orlando Magic,home,0.764,1,WIN,100,130.9199981689453,40286.12109375,0.764,130.92
2024-03-17,Atlanta Hawks,LA Clippers,home,0.85,0,LOSS,100,-100.0,40186.12109375,0.85,117.64
2024-03-18,Atlanta Hawks,Los Angeles Lakers,home,0.749,1,WIN,100,133.52000427246094,40319.640625,0.749,133.52
2024-03-18,Memphis Grizzlies,Sacramento Kings,home,0.86,1,WIN,100,116.23999786376953,40435.87890625,0.86,116.24
2024-03-18,Minnesota Timberwolves,Utah Jazz,away,0.335,0,WIN,100,150.38999938964844,40586.26171875,0.335,150.39
2024-03-18,Miami Heat,Philadelphia 76ers,home,0.713,1,WIN,100,140.22999572753906,40726.5,0.713,140.23
2024-03-18,Detroit Pistons,Boston Celtics,home,0.892,1,WIN,100,112.12999725341797,40838.62109375,0.892,112.13
2024-03-18,Portland Trail Blazers,Chicago Bulls,home,0.82,1,WIN,100,121.98999786376953,40960.62109375,0.82,121.99
2024-03-19,Charlotte Hornets,Orlando Magic,home,0.861,1,WIN,100,116.18000030517578,41076.80078125,0.861,116.18
2024-03-19,Houston Rockets,Washington Wizards,away,0.385,0,WIN,100,162.64999389648438,41239.44921875,0.385,162.65
2024-03-19,Dallas Mavericks,San Antonio Spurs,away,0.262,0,WIN,100,135.58999633789062,41375.0390625,0.262,135.59
2024-03-19,Denver Nuggets,Minnesota Timberwolves,home,0.659,0,LOSS,100,-100.0,41275.0390625,0.659,151.64
2024-03-20,Philadelphia 76ers,Phoenix Suns,home,0.701,1,WIN,100,142.6199951171875,41417.66015625,0.701,142.62
2024-03-20,LA Clippers,Portland Trail Blazers,away,0.217,0,WIN,100,127.68000030517578,41545.33984375,0.217,127.68
2024-03-20,Utah Jazz,Oklahoma City Thunder,home,0.771,1,WIN,100,129.6699981689453,41675.0,0.771,129.67
2024-03-20,Memphis Grizzlies,Golden State Warriors,home,0.827,1,WIN,100,120.9800033569336,41795.98828125,0.827,120.98
2024-03-20,Miami Heat,Cleveland Cavaliers,home,0.771,0,LOSS,100,-100.0,41695.98828125,0.771,129.76
2024-03-20,Milwaukee Bucks,Boston Celtics,home,0.68,1,WIN,100,147.1300048828125,41843.109375,0.68,147.13
2024-03-21,Atlanta Hawks,Phoenix Suns,home,0.78,1,WIN,100,128.24000549316406,41971.3515625,0.78,128.24
2024-03-21,New York Knicks,Denver Nuggets,home,0.664,1,WIN,100,150.58999633789062,42121.94140625,0.664,150.59
2024-03-21,Utah Jazz,Dallas Mavericks,home,0.791,1,WIN,100,126.37999725341797,42248.3203125,0.791,126.38
2024-03-21,Sacramento Kings,Washington Wizards,away,0.392,1,LOSS,100,-100.0,42148.3203125,0.392,164.4
2024-03-21,Brooklyn Nets,Milwaukee Bucks,home,0.784,1,WIN,100,127.55999755859375,42275.87890625,0.784,127.56
2024-03-22,Boston Celtics,Detroit Pistons,away,0.3,0,WIN,100,142.7899932861328,42418.66015625,0.3,142.79
2024-03-22,Oklahoma City Thunder,Toronto Raptors,away,0.311,0,WIN,100,145.22999572753906,42563.8984375,0.311,145.23
2024-03-22,Cleveland Cavaliers,Minnesota Timberwolves,home,0.607,1,WIN,100,164.77999877929688,42728.6796875,0.607,164.78
2024-03-22,LA Clippers,Portland Trail Blazers,away,0.233,0,WIN,100,130.44000244140625,42859.12109375,0.233,130.44
2024-03-22,Philadelphia 76ers,Los Angeles Lakers,home,0.612,1,WIN,100,163.4199981689453,43022.5390625,0.612,163.42
2024-03-23,Denver Nuggets,Portland Trail Blazers,away,0.261,0,WIN,100,135.3000030517578,43157.8515625,0.261,135.3
2024-03-23,Utah Jazz,Houston Rockets,home,0.677,1,WIN,100,147.64999389648438,43305.5,0.677,147.65
2024-03-23,Phoenix Suns,San Antonio Spurs,away,0.278,0,WIN,100,138.5500030517578,43444.0390625,0.278,138.55
2024-03-23,Boston Celtics,Chicago Bulls,away,0.371,0,WIN,100,158.89999389648438,43602.94921875,0.371,158.9
2024-03-23,Charlotte Hornets,Atlanta Hawks,home,0.638,1,WIN,100,156.80999755859375,43759.76171875,0.638,156.81
2024-03-23,Sacramento Kings,Orlando Magic,home,0.613,0,LOSS,100,-100.0,43659.76171875,0.613,163.12
2024-03-23,Brooklyn Nets,New York Knicks,home,0.807,1,WIN,100,123.93000030517578,43783.69140625,0.807,123.93
2024-03-24,New Orleans Pelicans,Detroit Pistons,away,0.317,0,WIN,100,146.3300018310547,43930.01953125,0.317,146.33
2024-03-24,Philadelphia 76ers,LA Clippers,home,0.783,0,LOSS,100,-100.0,43830.01953125,0.783,127.68
2024-03-24,Golden State Warriors,Minnesota Timberwolves,home,0.725,1,WIN,100,137.92999267578125,43967.9609375,0.725,137.93
2024-03-25,Indiana Pacers,LA Clippers,home,0.764,0,LOSS,100,-100.0,43867.9609375,0.764,130.86
2024-03-25,Memphis Grizzlies,Denver Nuggets,home,0.851,1,WIN,100,117.44000244140625,43985.3984375,0.851,117.44
2024-03-25,Washington Wizards,Chicago Bulls,home,0.772,0,LOSS,100,-100.0,43885.3984375,0.772,129.61
2024-03-25,Portland Trail Blazers,Houston Rockets,home,0.835,1,WIN,100,119.81999969482422,44005.21875,0.835,119.82
2024-03-25,Detroit Pistons,New York Knicks,home,0.852,1,WIN,100,117.30999755859375,44122.53125,0.852,117.31
2024-03-25,Boston Celtics,Atlanta Hawks,away,0.331,1,LOSS,100,-100.0,44022.53125,0.331,149.41
2024-03-25,Charlotte Hornets,Cleveland Cavaliers,home,0.839,1,WIN,100,119.22000122070312,44141.76171875,0.839,119.22
2024-03-25,Phoenix Suns,San Antonio Spurs,away,0.249,1,LOSS,100,-100.0,44041.76171875,0.249,133.09
2024-03-26,Golden State Warriors,Miami Heat,home,0.605,0,LOSS,100,-100.0,43941.76171875,0.605,165.25
2024-03-26,Los Angeles Lakers,Milwaukee Bucks,home,0.645,0,LOSS,100,-100.0,43841.76171875,0.645,155.13
2024-03-27,Phoenix Suns,Denver Nuggets,home,0.656,0,LOSS,100,-100.0,43741.76171875,0.656,152.37
2024-03-27,Houston Rockets,Oklahoma City Thunder,home,0.77,0,LOSS,100,-100.0,43641.76171875,0.77,129.92
2024-03-27,Los Angeles Lakers,Memphis Grizzlies,away,0.249,0,WIN,100,133.24000549316406,43775.0,0.249,133.24
2024-03-27,Indiana Pacers,Chicago Bulls,home,0.624,1,WIN,100,160.13999938964844,43935.140625,0.624,160.14
2024-03-27,Detroit Pistons,Minnesota Timberwolves,home,0.827,1,WIN,100,120.97000122070312,44056.1015625,0.827,120.97
2024-03-27,Portland Trail Blazers,Atlanta Hawks,home,0.753,1,WIN,100,132.8699951171875,44188.96875,0.753,132.87
2024-03-27,New York Knicks,Toronto Raptors,away,0.355,0,WIN,100,154.9499969482422,44343.921875,0.355,154.95
2024-03-27,Brooklyn Nets,Washington Wizards,away,0.395,0,WIN,100,165.22000122070312,44509.140625,0.395,165.22
2024-03-27,Cleveland Cavaliers,Charlotte Hornets,away,0.33,1,LOSS,100,-100.0,44409.140625,0.33,149.15
2024-03-28,Boston Celtics,Atlanta Hawks,away,0.332,0,WIN,100,149.8000030517578,44558.94140625,0.332,149.8
2024-03-30,Memphis Grizzlies,Orlando Magic,home,0.786,1,WIN,100,127.20999908447266,44686.1484375,0.786,127.21
2024-03-30,Milwaukee Bucks,Atlanta Hawks,away,0.367,0,WIN,100,158.07000732421875,44844.21875,0.367,158.07
2024-03-31,Utah Jazz,Sacramento Kings,home,0.66,1,WIN,100,151.5399932861328,44995.76171875,0.66,151.54
2024-03-31,Golden State Warriors,San Antonio Spurs,away,0.296,0,WIN,100,142.05999755859375,45137.8203125,0.296,142.06
2024-03-31,Dallas Mavericks,Houston Rockets,away,0.355,0,WIN,100,154.9600067138672,45292.78125,0.355,154.96
2024-03-31,Chicago Bulls,Minnesota Timberwolves,home,0.785,0,LOSS,100,-100.0,45192.78125,0.785,127.44
2024-03-31,Cleveland Cavaliers,Denver Nuggets,home,0.674,1,WIN,100,148.39999389648438,45341.1796875,0.674,148.4
2024-03-31,Miami Heat,Washington Wizards,away,0.374,0,WIN,100,159.85000610351562,45501.01953125,0.374,159.85
2024-03-31,LA Clippers,Charlotte Hornets,away,0.253,0,WIN,100,133.89999389648438,45634.921875,0.253,133.9
2024-04-01,Brooklyn Nets,Indiana Pacers,home,0.677,1,WIN,100,147.67999267578125,45782.6015625,0.677,147.68
2024-04-01,Atlanta Hawks,Chicago Bulls,home,0.628,0,LOSS,100,-100.0,45682.6015625,0.628,159.16
2024-04-01,Memphis Grizzlies,Detroit Pistons,away,0.355,0,WIN,100,154.9199981689453,45837.51953125,0.355,154.92
2024-04-01,Boston Celtics,Charlotte Hornets,away,0.25,0,WIN,100,133.38999938964844,45970.921875,0.25,133.39
2024-04-01,Portland Trail Blazers,Orlando Magic,home,0.849,1,WIN,100,117.81999969482422,46088.73828125,0.849,117.82
2024-04-02,Milwaukee Bucks,Washington Wizards,away,0.255,1,LOSS,100,-100.0,45988.73828125,0.255,134.3
2024-04-02,Los Angeles Lakers,Toronto Raptors,away,0.375,0,WIN,100,160.05999755859375,46148.80078125,0.375,160.06
2024-04-02,Oklahoma City Thunder,Philadelphia 76ers,away,0.389,1,LOSS,100,-100.0,46048.80078125,0.389,163.65
2024-04-02,Houston Rockets,Minnesota Timberwolves,home,0.748,1,WIN,100,133.6300048828125,46182.421875,0.748,133.63
2024-04-02,Cleveland Cavaliers,Utah Jazz,away,0.371,0,WIN,100,158.88999938964844,46341.30859375,0.371,158.89
2024-04-02,San Antonio Spurs,Denver Nuggets,home,0.743,1,WIN,100,134.6300048828125,46475.94140625,0.743,134.63
2024-04-02,Dallas Mavericks,Golden State Warriors,away,0.398,1,LOSS,100,-100.0,46375.94140625,0.398,166.0
2024-04-02,LA Clippers,Sacramento Kings,away,0.354,1,LOSS,100,-100.0,46275.94140625,0.354,154.89
2024-04-03,Cleveland Cavaliers,Phoenix Suns,home,0.651,1,WIN,100,153.63999938964844,46429.578125,0.651,153.64
2024-04-03,Orlando Magic,New Orleans Pelicans,home,0.716,0,LOSS,100,-100.0,46329.578125,0.716,139.58
2024-04-03,Toronto Raptors,Minnesota Timberwolves,home,0.846,1,WIN,100,118.2300033569336,46447.80859375,0.846,118.23
2024-04-03,Memphis Grizzlies,Milwaukee Bucks,home,0.895,0,LOSS,100,-100.0,46347.80859375,0.895,111.71
2024-04-03,Detroit Pistons,Atlanta Hawks,home,0.669,1,WIN,100,149.5399932861328,46497.3515625,0.669,149.54
2024-04-03,Los Angeles Lakers,Washington Wizards,away,0.282,0,WIN,100,139.30999755859375,46636.66015625,0.282,139.31
2024-04-03,Oklahoma City Thunder,Boston Celtics,home,0.639,1,WIN,100,156.55999755859375,46793.21875,0.639,156.56
2024-04-04,Atlanta Hawks,Dallas Mavericks,home,0.7,1,WIN,100,142.8800048828125,46936.1015625,0.7,142.88
2024-04-04,Sacramento Kings,New York Knicks,home,0.61,1,WIN,100,163.8800048828125,47099.98828125,0.61,163.88
2024-04-04,Denver Nuggets,LA Clippers,home,0.656,1,WIN,100,152.39999389648438,47252.37890625,0.656,152.4
2024-04-05,Utah Jazz,LA Clippers,home,0.724,1,WIN,100,138.0399932861328,47390.421875,0.724,138.04
2024-04-05,Golden State Warriors,Dallas Mavericks,home,0.612,1,WIN,100,163.4199981689453,47553.83984375,0.612,163.42
2024-04-05,Toronto Raptors,Milwaukee Bucks,home,0.841,0,LOSS,100,-100.0,47453.83984375,0.841,118.91
2024-04-05,Miami Heat,Houston Rockets,home,0.605,0,LOSS,100,-100.0,47353.83984375,0.605,165.28
2024-04-05,Sacramento Kings,Boston Celtics,home,0.816,1,WIN,100,122.58000183105469,47476.421875,0.816,122.58
2024-04-05,Orlando Magic,Charlotte Hornets,away,0.285,1,LOSS,100,-100.0,47376.421875,0.285,139.79
2024-04-05,San Antonio Spurs,New Orleans Pelicans,home,0.812,0,LOSS,100,-100.0,47276.421875,0.812,123.14
2024-04-06,Detroit Pistons,Brooklyn Nets,home,0.738,1,WIN,100,135.57000732421875,47411.98828125,0.738,135.57
2024-04-06,Philadelphia 76ers,Memphis Grizzlies,away,0.245,0,WIN,100,132.39999389648438,47544.3984375,0.245,132.4
2024-04-06,Atlanta Hawks,Denver Nuggets,home,0.762,1,WIN,100,131.32000732421875,47675.7109375,0.762,131.32
2024-04-07,Minnesota Timberwolves,Los Angeles Lakers,away,0.391,0,WIN,100,164.24000549316406,47839.9609375,0.391,164.24
2024-04-07,Utah Jazz,Golden State Warriors,home,0.651,1,WIN,100,153.60000610351562,47993.55859375,0.651,153.6
2024-04-07,New York Knicks,Milwaukee Bucks,home,0.635,0,LOSS,100,-100.0,47893.55859375,0.635,157.57
2024-04-07,Washington Wizards,Toronto Raptors,home,0.641,1,WIN,100,156.10000610351562,48049.6484375,0.641,156.1
2024-04-07,Portland Trail Blazers,Boston Celtics,home,0.88,1,WIN,100,113.62000274658203,48163.28125,0.88,113.62
2024-04-07,Houston Rockets,Dallas Mavericks,home,0.632,1,WIN,100,158.27999877929688,48321.55859375,0.632,158.28
2024-04-07,Cleveland Cavaliers,LA Clippers,home,0.649,1,WIN,100,154.1199951171875,48475.671875,0.649,154.12
2024-04-07,Oklahoma City Thunder,Charlotte Hornets,away,0.21,0,WIN,100,126.56999969482422,48602.23828125,0.21,126.57
2024-04-09,New Orleans Pelicans,Portland Trail Blazers,away,0.21,0,WIN,100,126.63999938964844,48728.87890625,0.21,126.64
2024-04-09,Denver Nuggets,Utah Jazz,away,0.265,0,WIN,100,135.97000122070312,48864.859375,0.265,135.97
2024-04-09,Sacramento Kings,Oklahoma City Thunder,home,0.712,1,WIN,100,140.5,49005.3515625,0.712,140.5
2024-04-09,Washington Wizards,Minnesota Timberwolves,home,0.845,1,WIN,100,118.27999877929688,49123.640625,0.845,118.28
2024-04-09,Detroit Pistons,Philadelphia 76ers,home,0.816,1,WIN,100,122.55999755859375,49246.19140625,0.816,122.56
2024-04-09,Dallas Mavericks,Charlotte Hornets,away,0.231,0,WIN,100,130.0800018310547,49376.28125,0.231,130.08
2024-04-10,Phoenix Suns,LA Clippers,home,0.697,0,LOSS,100,-100.0,49276.28125,0.697,143.49
2024-04-10,Minnesota Timberwolves,Denver Nuggets,home,0.635,1,WIN,100,157.39999389648438,49433.6796875,0.635,157.4
2024-04-10,San Antonio Spurs,Oklahoma City Thunder,home,0.783,1,WIN,100,127.6500015258789,49561.328125,0.783,127.65
2024-04-10,Orlando Magic,Milwaukee Bucks,home,0.72,1,WIN,100,138.8300018310547,49700.16015625,0.72,138.83
2024-04-10,Toronto Raptors,Brooklyn Nets,home,0.672,1,WIN,100,148.6999969482422,49848.859375,0.672,148.7
2024-04-10,Charlotte Hornets,Atlanta Hawks,home,0.701,0,LOSS,100,-100.0,49748.859375,0.701,142.62
2024-04-10,Memphis Grizzlies,Cleveland Cavaliers,home,0.892,1,WIN,100,112.12999725341797,49860.98828125,0.892,112.13
2024-04-11,Chicago Bulls,Detroit Pistons,away,0.332,0,WIN,100,149.72999572753906,50010.71875,0.332,149.73
2024-04-11,New York Knicks,Boston Celtics,home,0.695,0,LOSS,100,-100.0,49910.71875,0.695,143.87
2024-04-11,Golden State Warriors,Portland Trail Blazers,away,0.254,0,WIN,100,134.11000061035156,50044.828125,0.254,134.11
2024-04-12,Utah Jazz,LA Clippers,home,0.833,0,LOSS,100,-100.0,49944.828125,0.833,120.1
2024-04-12,Houston Rockets,Portland Trail Blazers,away,0.297,0,WIN,100,142.27999877929688,50087.12109375,0.297,142.28
2024-04-12,New Orleans Pelicans,Golden State Warriors,home,0.625,0,LOSS,100,-100.0,49987.12109375,0.625,160.1
2024-04-12,Detroit Pistons,Dallas Mavericks,home,0.887,0,LOSS,100,-100.0,49887.12109375,0.887,112.8
2024-04-12,Atlanta Hawks,Minnesota Timberwolves,home,0.822,1,WIN,100,121.58999633789062,50008.69921875,0.822,121.59
2024-04-12,Los Angeles Lakers,Memphis Grizzlies,away,0.204,0,WIN,100,125.66000366210938,50134.359375,0.204,125.66
2024-04-12,Milwaukee Bucks,Oklahoma City Thunder,home,0.635,1,WIN,100,157.5,50291.859375,0.635,157.5
2024-04-12,Toronto Raptors,Miami Heat,home,0.746,1,WIN,100,134.08999633789062,50425.94921875,0.746,134.09
2024-04-12,Brooklyn Nets,New York Knicks,home,0.763,1,WIN,100,131.0800018310547,50557.01953125,0.763,131.08
2024-04-12,Indiana Pacers,Cleveland Cavaliers,home,0.672,1,WIN,100,148.86000061035156,50705.87890625,0.672,148.86
2024-04-12,Charlotte Hornets,Boston Celtics,home,0.834,1,WIN,100,119.94000244140625,50825.828125,0.834,119.94
2024-04-12,Orlando Magic,Philadelphia 76ers,home,0.649,1,WIN,100,154.17999267578125,50980.01171875,0.649,154.18
2024-04-12,Chicago Bulls,Washington Wizards,away,0.356,0,WIN,100,155.2899932861328,51135.30078125,0.356,155.29
2024-04-12,Denver Nuggets,San Antonio Spurs,away,0.238,1,LOSS,100,-100.0,51035.30078125,0.238,131.18
2024-04-14,Portland Trail Blazers,Sacramento Kings,home,0.794,1,WIN,100,125.95999908447266,51161.26171875,0.794,125.96
2024-04-14,Utah Jazz,Golden State Warriors,home,0.669,1,WIN,100,149.5500030517578,51310.8203125,0.669,149.55
2024-04-14,Dallas Mavericks,Oklahoma City Thunder,home,0.644,1,WIN,100,155.36000061035156,51466.1796875,0.644,155.36
2024-04-14,Los Angeles Lakers,New Orleans Pelicans,home,0.645,0,LOSS,100,-100.0,51366.1796875,0.645,155.06
2024-04-14,Denver Nuggets,Memphis Grizzlies,away,0.212,0,WIN,100,126.94999694824219,51493.12109375,0.212,126.95
2024-04-14,Houston Rockets,LA Clippers,home,0.78,0,LOSS,100,-100.0,51393.12109375,0.78,128.19
2024-04-14,Washington Wizards,Boston Celtics,home,0.849,1,WIN,100,117.81999969482422,51510.94140625,0.849,117.82
2024-04-14,Charlotte Hornets,Cleveland Cavaliers,home,0.849,0,LOSS,100,-100.0,51410.94140625,0.849,117.83
2024-04-14,Brooklyn Nets,Philadelphia 76ers,home,0.677,1,WIN,100,147.69000244140625,51558.62890625,0.677,147.69
2024-04-14,Toronto Raptors,Miami Heat,home,0.775,1,WIN,100,129.10000610351562,51687.71875,0.775,129.1
2024-04-14,Chicago Bulls,New York Knicks,home,0.705,1,WIN,100,141.75999450683594,51829.48046875,0.705,141.76
2024-04-14,Atlanta Hawks,Indiana Pacers,home,0.708,1,WIN,100,141.17999267578125,51970.66015625,0.708,141.18
2024-04-16,Los Angeles Lakers,New Orleans Pelicans,home,0.686,0,LOSS,100,-100.0,51870.66015625,0.686,145.74
2024-04-17,Atlanta Hawks,Chicago Bulls,home,0.664,1,WIN,100,150.7100067138672,52021.37890625,0.664,150.71
2024-04-17,Miami Heat,Philadelphia 76ers,home,0.654,1,WIN,100,152.86000061035156,52174.23046875,0.654,152.86
2024-04-19,Chicago Bulls,Miami Heat,home,0.65,1,WIN,100,153.7899932861328,52328.01953125,0.65,153.79
2024-04-19,Sacramento Kings,New Orleans Pelicans,home,0.728,1,WIN,100,137.30999755859375,52465.328125,0.728,137.31
2024-04-20,Orlando Magic,Cleveland Cavaliers,home,0.682,1,WIN,100,146.63999938964844,52611.96875,0.682,146.64
2024-04-20,Philadelphia 76ers,New York Knicks,home,0.659,1,WIN,100,151.69000244140625,52763.6484375,0.659,151.69
2024-04-20,Los Angeles Lakers,Denver Nuggets,home,0.673,1,WIN,100,148.63999938964844,52912.30078125,0.673,148.64
2024-04-21,New Orleans Pelicans,Oklahoma City Thunder,home,0.667,1,WIN,100,149.8300018310547,53062.12109375,0.667,149.83
2024-04-21,Miami Heat,Boston Celtics,home,0.759,1,WIN,100,131.75,53193.87890625,0.759,131.75
2024-04-21,Dallas Mavericks,LA Clippers,home,0.631,1,WIN,100,158.41000366210938,53352.28125,0.631,158.41
2024-04-21,Indiana Pacers,Milwaukee Bucks,home,0.661,1,WIN,100,151.33999633789062,53503.62109375,0.661,151.34
2024-04-22,Los Angeles Lakers,Denver Nuggets,home,0.678,1,WIN,100,147.5399932861328,53651.16015625,0.678,147.54
2024-04-22,Orlando Magic,Cleveland Cavaliers,home,0.682,1,WIN,100,146.63999938964844,53797.80078125,0.682,146.64
2024-04-22,Philadelphia 76ers,New York Knicks,home,0.659,1,WIN,100,151.69000244140625,53949.48828125,0.659,151.69
2024-04-23,Indiana Pacers,Milwaukee Bucks,home,0.661,0,LOSS,100,-100.0,53849.48828125,0.661,151.34
2024-04-23,Dallas Mavericks,LA Clippers,home,0.637,0,LOSS,100,-100.0,53749.48828125,0.637,157.09
2024-04-24,Miami Heat,Boston Celtics,home,0.759,0,LOSS,100,-100.0,53649.48828125,0.759,131.75
2024-04-24,New Orleans Pelicans,Oklahoma City Thunder,home,0.662,1,WIN,100,150.99000549316406,53800.48046875,0.662,150.99
2024-04-27,Boston Celtics,Miami Heat,away,0.357,0,WIN,100,155.55999755859375,53956.0390625,0.357,155.56
