Game_Number,Date,Away,Home,OU,Spread,IL,ML,Away_ML,Points,Win,Margin,Prediction,Correct?,Bet_Amount,Money_Lost_Won,Running_Profit,Confidence,Uncertainty,Odds
SUMMARY,Tested: 10/27/2023,,,,,,,,,,,,,Bet for All Game: $100,"Total Profit: $58,392.18",,,,
,,,,,,,,,,,,,,Total Bets: 719,Win Rate: 74.7%,,,,
1,2023-10-27,Denver Nuggets,Memphis Grizzlies,221.5,0,0.67,149,303,212.0,0,0.0,0,Yes,100,149.21,149.21,0.33,0.1,149.21
2,2023-10-27,Miami Heat,Boston Celtics,217.5,0,0.627,159,268,230.0,1,0.0,1,Yes,100,159.42,308.63,0.627,0.1,159.42
3,2023-10-27,Oklahoma City Thunder,Cleveland Cavaliers,225.5,0,0.682,146,314,213.0,0,0.0,0,Yes,100,146.61,455.24,0.318,0.1,146.61
4,2023-10-27,Brooklyn Nets,Dallas Mavericks,230.0,0,0.696,143,328,245.0,1,0.0,1,Yes,100,143.67,598.91,0.696,0.1,143.67
5,2023-10-27,Orlando Magic,Portland Trail Blazers,220.5,0,0.686,145,317,199.0,0,0.0,0,Yes,100,145.88,744.78,0.314,0.1,145.88
6,2023-10-28,Miami Heat,Minnesota Timberwolves,214.5,0,0.771,129,437,196.0,1,0.0,1,Yes,100,129.64,874.42,0.771,0.1,129.64
7,2023-10-28,Indiana Pacers,Cleveland Cavaliers,221.0,0,0.713,140,348,238.0,0,0.0,0,Yes,100,140.27,1014.69,0.287,0.1,140.27
8,2023-10-28,Utah Jazz,Phoenix Suns,223.0,0,0.718,139,354,230.0,1,0.0,1,Yes,100,139.24,1153.93,0.718,0.1,139.24
9,2023-10-28,Chicago Bulls,Detroit Pistons,213.5,0,0.731,136,371,220.0,1,0.0,1,Yes,100,136.77,1290.7,0.731,0.1,136.77
10,2023-10-28,New York Knicks,New Orleans Pelicans,223.5,0,0.77,129,435,183.0,1,0.0,1,Yes,100,129.82,1420.52,0.77,0.1,129.82
11,2023-10-28,Memphis Grizzlies,Washington Wizards,230.0,0,0.679,147,311,219.0,1,0.0,1,Yes,100,147.18,1567.71,0.679,0.1,147.18
12,2023-10-29,Golden State Warriors,Houston Rockets,223.0,0,0.612,163,257,201.0,0,0.0,0,Yes,100,163.41,1731.12,0.388,0.1,163.41
13,2023-10-29,Portland Trail Blazers,Philadelphia 76ers,217.0,0,0.726,137,365,224.0,1,0.0,1,Yes,100,137.69,1868.81,0.726,0.1,137.69
14,2023-10-29,Los Angeles Lakers,Sacramento Kings,235.5,0,0.675,148,308,259.0,1,0.0,1,Yes,100,148.07,2016.88,0.675,0.1,148.07
15,2023-10-30,Utah Jazz,Denver Nuggets,225.0,0,0.742,134,387,212.0,1,0.0,1,Yes,100,134.77,2151.65,0.742,0.1,134.77
16,2023-10-30,Miami Heat,Milwaukee Bucks,226.0,0,0.639,156,276,236.0,1,0.0,1,Yes,100,156.53,2308.18,0.639,0.1,156.53
17,2023-10-30,Golden State Warriors,New Orleans Pelicans,221.0,0,0.685,145,317,232.0,0,0.0,1,No,100,-100.0,2208.18,0.685,0.1,145.99
18,2023-10-30,Dallas Mavericks,Memphis Grizzlies,222.0,0,0.618,161,261,235.0,0,0.0,0,Yes,100,161.8,2369.99,0.382,0.1,161.8
19,2023-10-30,Boston Celtics,Washington Wizards,231.5,0,0.761,131,418,233.0,0,0.0,0,Yes,100,131.41,2501.4,0.239,0.1,131.41
20,2023-10-30,Portland Trail Blazers,Toronto Raptors,217.0,0,0.646,154,282,190.0,0,0.0,1,No,100,-100.0,2401.4,0.646,0.1,154.84
21,2023-10-31,Orlando Magic,LA Clippers,220.5,0,0.714,140,349,220.0,1,0.0,1,Yes,100,140.03,2541.43,0.714,0.1,140.03
22,2023-10-31,San Antonio Spurs,Phoenix Suns,224.5,0,0.641,155,278,229.0,0,0.0,1,No,100,-100.0,2441.43,0.641,0.1,155.96
23,2023-11-01,Portland Trail Blazers,Detroit Pistons,216.5,0,0.728,137,366,211.0,0,0.0,1,No,100,-100.0,2341.43,0.728,0.1,137.45
24,2023-11-01,Indiana Pacers,Boston Celtics,233.5,0,0.692,144,324,259.0,1,0.0,1,Yes,100,144.51,2485.94,0.692,0.1,144.51
25,2023-11-01,Washington Wizards,Atlanta Hawks,240.5,0,0.7,142,333,251.0,1,0.0,1,Yes,100,142.91,2628.85,0.7,0.1,142.91
26,2023-11-01,Cleveland Cavaliers,New York Knicks,210.5,0,0.706,141,339,184.0,0,0.0,1,No,100,-100.0,2528.85,0.706,0.1,141.68
27,2023-11-01,Brooklyn Nets,Miami Heat,222.5,0,0.698,143,330,214.0,0,0.0,0,Yes,100,143.36,2672.2,0.302,0.1,143.36
28,2023-11-01,New Orleans Pelicans,Oklahoma City Thunder,227.5,0,0.605,165,253,216.0,0,0.0,1,No,100,-100.0,2572.2,0.605,0.1,165.15
29,2023-11-01,Chicago Bulls,Dallas Mavericks,220.5,0,0.671,149,303,219.0,1,0.0,1,Yes,100,149.04,2721.25,0.671,0.1,149.04
30,2023-11-01,Sacramento Kings,Golden State Warriors,228.0,0,0.638,156,276,203.0,1,0.0,1,Yes,100,156.73,2877.98,0.638,0.1,156.73
31,2023-11-02,San Antonio Spurs,Phoenix Suns,229.5,0,0.661,151,295,253.0,0,0.0,1,No,100,-100.0,2777.98,0.661,0.1,151.25
32,2023-11-02,Toronto Raptors,Philadelphia 76ers,214.5,0,0.779,128,451,213.0,1,0.0,1,Yes,100,128.43,2906.4,0.779,0.1,128.43
33,2023-11-02,Detroit Pistons,New Orleans Pelicans,215.5,0,0.617,162,260,241.0,1,0.0,1,Yes,100,162.17,3068.57,0.617,0.1,162.17
34,2023-11-03,Memphis Grizzlies,Portland Trail Blazers,220.0,0,0.629,159,269,228.0,1,0.0,1,Yes,100,159.05,3227.62,0.629,0.1,159.05
35,2023-11-03,New York Knicks,Milwaukee Bucks,224.5,0,0.607,164,254,215.0,1,0.0,1,Yes,100,164.77,3392.39,0.607,0.1,164.77
36,2023-11-04,Utah Jazz,Minnesota Timberwolves,224.5,0,0.701,142,334,218.0,1,0.0,1,Yes,100,142.7,3535.09,0.701,0.1,142.7
37,2023-11-04,Los Angeles Lakers,Orlando Magic,222.5,0,0.641,156,278,221.0,1,0.0,1,Yes,100,156.09,3691.18,0.641,0.1,156.09
38,2023-11-04,Phoenix Suns,Philadelphia 76ers,220.5,0,0.686,145,318,212.0,1,0.0,1,Yes,100,145.82,3837.0,0.686,0.1,145.82
39,2023-11-04,Chicago Bulls,Denver Nuggets,217.5,0,0.728,137,367,224.0,1,0.0,1,Yes,100,137.34,3974.34,0.728,0.1,137.34
40,2023-11-05,Charlotte Hornets,Dallas Mavericks,235.0,0,0.792,126,481,242.0,1,0.0,1,Yes,100,126.2,4100.54,0.792,0.1,126.2
41,2023-11-05,Golden State Warriors,Cleveland Cavaliers,223.0,0,0.654,152,288,219.0,1,0.0,0,No,100,-100.0,4000.54,0.346,0.1,152.93
42,2023-11-05,Phoenix Suns,Detroit Pistons,218.0,0,0.633,158,272,226.0,0,0.0,1,No,100,-100.0,3900.54,0.633,0.1,158.07
43,2023-11-06,New Orleans Pelicans,Denver Nuggets,229.5,0,0.705,141,339,250.0,1,0.0,1,Yes,100,141.8,4042.34,0.705,0.1,141.8
44,2023-11-06,Dallas Mavericks,Orlando Magic,230.5,0,0.637,157,275,219.0,0,0.0,1,No,100,-100.0,3942.34,0.637,0.1,157.08
45,2023-11-06,Washington Wizards,Philadelphia 76ers,229.0,0,0.754,132,405,274.0,1,0.0,1,Yes,100,132.69,4075.03,0.754,0.1,132.69
46,2023-11-06,San Antonio Spurs,Indiana Pacers,239.0,0,0.614,162,259,263.0,1,0.0,1,Yes,100,162.79,4237.82,0.614,0.1,162.79
47,2023-11-08,Phoenix Suns,Chicago Bulls,218.0,0,0.619,161,262,231.0,0,0.0,0,Yes,100,161.52,4399.34,0.381,0.1,161.52
48,2023-11-08,Toronto Raptors,Dallas Mavericks,225.5,0,0.793,126,484,243.0,0,0.0,1,No,100,-100.0,4299.34,0.793,0.1,126.04
49,2023-11-08,Cleveland Cavaliers,Oklahoma City Thunder,227.5,0,0.643,155,280,248.0,1,0.0,1,Yes,100,155.52,4454.86,0.643,0.1,155.52
50,2023-11-08,Detroit Pistons,Milwaukee Bucks,227.0,0,0.663,150,296,238.0,1,0.0,1,Yes,100,150.89,4605.75,0.663,0.1,150.89
51,2023-11-08,Miami Heat,Memphis Grizzlies,217.0,0,0.621,161,263,210.0,0,0.0,0,Yes,100,161.04,4766.79,0.379,0.1,161.04
52,2023-11-08,Washington Wizards,Charlotte Hornets,239.0,0,0.668,149,300,248.0,0,0.0,1,No,100,-100.0,4666.79,0.668,0.1,149.76
53,2023-11-08,New Orleans Pelicans,Minnesota Timberwolves,216.0,0,0.681,146,313,223.0,1,0.0,1,Yes,100,146.81,4813.6,0.681,0.1,146.81
54,2023-11-08,San Antonio Spurs,New York Knicks,223.5,0,0.632,158,272,231.0,1,0.0,1,Yes,100,158.12,4971.72,0.632,0.1,158.12
55,2023-11-08,Utah Jazz,Indiana Pacers,243.0,0,0.7,142,333,252.0,1,0.0,1,Yes,100,142.83,5114.54,0.7,0.1,142.83
56,2023-11-08,Los Angeles Lakers,Houston Rockets,222.0,0,0.63,158,270,222.0,1,0.0,1,Yes,100,158.78,5273.33,0.63,0.1,158.78
57,2023-11-09,Milwaukee Bucks,Indiana Pacers,239.5,0,0.62,161,262,250.0,1,0.0,1,Yes,100,161.41,5434.73,0.62,0.1,161.41
58,2023-11-10,Los Angeles Lakers,Phoenix Suns,224.5,0,0.682,146,314,241.0,0,0.0,1,No,100,-100.0,5334.73,0.682,0.1,146.71
59,2023-11-10,Minnesota Timberwolves,San Antonio Spurs,225.0,0,0.658,152,292,227.0,0,0.0,0,Yes,100,152.03,5486.76,0.342,0.1,152.03
60,2023-11-10,Brooklyn Nets,Boston Celtics,229.5,0,0.701,142,334,228.0,1,0.0,1,Yes,100,142.73,5629.49,0.701,0.1,142.73
61,2023-11-10,Philadelphia 76ers,Detroit Pistons,224.0,0,0.726,137,365,220.0,0,0.0,0,Yes,100,137.68,5767.17,0.274,0.1,137.68
62,2023-11-10,New Orleans Pelicans,Houston Rockets,219.5,0,0.71,140,344,205.0,1,0.0,1,Yes,100,140.83,5908.0,0.71,0.1,140.83
63,2023-11-11,Toronto Raptors,Boston Celtics,222.5,0,0.763,131,421,211.0,1,0.0,1,Yes,100,131.09,6039.09,0.763,0.1,131.09
64,2023-11-11,Miami Heat,Atlanta Hawks,227.5,0,0.61,163,256,226.0,0,0.0,1,No,100,-100.0,5939.09,0.61,0.1,163.94
65,2023-11-11,Cleveland Cavaliers,Golden State Warriors,224.0,0,0.71,140,345,228.0,0,0.0,1,No,100,-100.0,5839.09,0.71,0.1,140.77
66,2023-11-12,Dallas Mavericks,New Orleans Pelicans,237.0,0,0.63,158,270,260.0,0,0.0,0,Yes,100,158.78,5997.87,0.37,0.1,158.78
67,2023-11-12,Miami Heat,San Antonio Spurs,221.5,0,0.602,166,251,231.0,0,0.0,0,Yes,100,166.05,6163.92,0.398,0.1,166.05
68,2023-11-12,Memphis Grizzlies,LA Clippers,224.5,0,0.775,129,444,206.0,0,0.0,1,No,100,-100.0,6063.92,0.775,0.1,129.03
69,2023-11-12,Washington Wizards,Brooklyn Nets,233.5,0,0.614,162,258,196.0,1,0.0,1,Yes,100,162.91,6226.83,0.614,0.1,162.91
70,2023-11-12,Charlotte Hornets,New York Knicks,224.0,0,0.627,159,267,236.0,1,0.0,1,Yes,100,159.57,6386.4,0.627,0.1,159.57
71,2023-11-13,New York Knicks,Boston Celtics,220.0,0,0.744,134,390,212.0,1,0.0,1,Yes,100,134.4,6520.8,0.744,0.1,134.4
72,2023-11-13,Washington Wizards,Toronto Raptors,230.5,0,0.717,139,352,218.0,1,0.0,1,Yes,100,139.55,6660.35,0.717,0.1,139.55
73,2023-11-13,Chicago Bulls,Milwaukee Bucks,230.5,0,0.711,140,345,227.0,1,0.0,1,Yes,100,140.7,6801.05,0.711,0.1,140.7
74,2023-11-14,LA Clippers,Denver Nuggets,226.0,0,0.72,138,356,219.0,1,0.0,1,Yes,100,138.97,6940.02,0.72,0.1,138.97
75,2023-11-14,Dallas Mavericks,New Orleans Pelicans,239.5,0,0.627,159,267,241.0,1,0.0,0,No,100,-100.0,6840.02,0.373,0.1,159.55
76,2023-11-14,Indiana Pacers,Philadelphia 76ers,241.0,0,0.661,151,294,258.0,0,0.0,1,No,100,-100.0,6740.02,0.661,0.1,151.31
77,2023-11-14,Atlanta Hawks,Detroit Pistons,225.0,0,0.608,164,254,246.0,0,0.0,0,Yes,100,164.57,6904.59,0.392,0.1,164.57
78,2023-11-14,San Antonio Spurs,Oklahoma City Thunder,237.0,0,0.684,146,316,210.0,1,0.0,1,Yes,100,146.15,7050.74,0.684,0.1,146.15
79,2023-11-14,Memphis Grizzlies,Los Angeles Lakers,225.5,0,0.672,148,304,241.0,1,0.0,1,Yes,100,148.84,7199.59,0.672,0.1,148.84
80,2023-11-15,Cleveland Cavaliers,Portland Trail Blazers,217.5,0,0.618,161,261,204.0,0,0.0,0,Yes,100,161.92,7361.51,0.382,0.1,161.92
81,2023-11-15,New York Knicks,Atlanta Hawks,229.0,0,0.631,158,271,230.0,0,0.0,1,No,100,-100.0,7261.51,0.631,0.1,158.38
82,2023-11-17,Phoenix Suns,Utah Jazz,247.5,0,0.672,148,304,259.0,0,0.0,0,Yes,100,148.78,7410.29,0.328,0.1,148.78
83,2023-11-17,Los Angeles Lakers,Portland Trail Blazers,227.5,0,0.658,152,292,202.0,0,0.0,0,Yes,100,152.02,7562.31,0.342,0.1,152.02
84,2023-11-17,Sacramento Kings,San Antonio Spurs,240.5,0,0.631,158,271,249.0,0,0.0,0,Yes,100,158.41,7720.72,0.369,0.1,158.41
85,2023-11-17,Boston Celtics,Toronto Raptors,223.5,0,0.628,159,268,213.0,0,0.0,0,Yes,100,159.19,7879.91,0.372,0.1,159.19
86,2023-11-17,New York Knicks,Washington Wizards,225.5,0,0.634,157,273,219.0,0,0.0,0,Yes,100,157.79,8037.7,0.366,0.1,157.79
87,2023-11-17,Milwaukee Bucks,Charlotte Hornets,243.0,0,0.643,155,280,229.0,0,0.0,0,Yes,100,155.43,8193.13,0.357,0.1,155.43
88,2023-11-17,Detroit Pistons,Cleveland Cavaliers,221.5,0,0.692,144,324,208.0,1,0.0,1,Yes,100,144.49,8337.62,0.692,0.1,144.49
89,2023-11-18,Oklahoma City Thunder,Golden State Warriors,235.5,0,0.627,159,267,253.0,0,0.0,0,Yes,100,159.56,8497.18,0.373,0.1,159.56
90,2023-11-18,Minnesota Timberwolves,New Orleans Pelicans,221.0,0,0.625,159,266,241.0,0,0.0,0,Yes,100,159.9,8657.08,0.375,0.1,159.9
91,2023-11-19,Detroit Pistons,Toronto Raptors,219.0,0,0.67,149,303,255.0,1,0.0,1,Yes,100,149.18,8806.25,0.67,0.1,149.18
92,2023-11-19,Boston Celtics,Memphis Grizzlies,221.5,0,0.765,130,425,202.0,0,0.0,0,Yes,100,130.71,8936.96,0.235,0.1,130.71
93,2023-11-19,Phoenix Suns,Utah Jazz,239.0,0,0.664,150,297,277.0,0,0.0,0,Yes,100,150.64,9087.6,0.336,0.1,150.64
94,2023-11-19,Oklahoma City Thunder,Portland Trail Blazers,223.5,0,0.729,137,369,225.0,0,0.0,0,Yes,100,137.1,9224.69,0.271,0.1,137.1
95,2023-11-20,LA Clippers,San Antonio Spurs,230.5,0,0.631,158,271,223.0,0,0.0,0,Yes,100,158.4,9383.09,0.369,0.1,158.4
96,2023-11-20,Denver Nuggets,Detroit Pistons,225.5,0,0.663,150,296,210.0,0,0.0,0,Yes,100,150.77,9533.86,0.337,0.1,150.77
97,2023-11-20,Milwaukee Bucks,Washington Wizards,246.0,0,0.662,150,296,271.0,0,0.0,0,Yes,100,150.99,9684.84,0.338,0.1,150.99
98,2023-11-20,Boston Celtics,Charlotte Hornets,234.5,0,0.678,147,310,239.0,1,0.0,0,No,100,-100.0,9584.84,0.322,0.1,147.52
99,2023-11-21,Toronto Raptors,Orlando Magic,215.5,0,0.603,165,251,233.0,1,0.0,1,Yes,100,165.84,9750.68,0.603,0.1,165.84
100,2023-11-21,Indiana Pacers,Atlanta Hawks,252.5,0,0.619,161,262,309.0,0,0.0,1,No,100,-100.0,9650.68,0.619,0.1,161.58
101,2023-11-21,Cleveland Cavaliers,Philadelphia 76ers,218.5,0,0.662,151,295,241.0,0,0.0,1,No,100,-100.0,9550.68,0.662,0.1,151.09
102,2023-11-21,Portland Trail Blazers,Phoenix Suns,223.5,0,0.76,131,416,227.0,1,0.0,1,Yes,100,131.56,9682.24,0.76,0.1,131.56
103,2023-11-21,Utah Jazz,Los Angeles Lakers,239.5,0,0.704,141,338,230.0,1,0.0,1,Yes,100,141.95,9824.18,0.704,0.1,141.95
104,2023-11-22,Philadelphia 76ers,Minnesota Timberwolves,221.0,0,0.614,162,259,211.0,1,0.0,1,Yes,100,162.81,9986.99,0.614,0.1,162.81
105,2023-11-22,LA Clippers,San Antonio Spurs,231.0,0,0.642,155,279,211.0,0,0.0,0,Yes,100,155.83,10142.82,0.358,0.1,155.83
106,2023-11-22,Memphis Grizzlies,Houston Rockets,213.0,0,0.752,133,402,202.0,1,0.0,1,Yes,100,133.01,10275.83,0.752,0.1,133.01
107,2023-11-22,Toronto Raptors,Indiana Pacers,242.0,0,0.687,145,319,263.0,0,0.0,1,No,100,-100.0,10175.83,0.687,0.1,145.53
108,2023-11-22,Milwaukee Bucks,Boston Celtics,236.5,0,0.717,139,352,235.0,1,0.0,1,Yes,100,139.54,10315.37,0.717,0.1,139.54
109,2023-11-22,Chicago Bulls,Oklahoma City Thunder,223.0,0,0.776,128,446,218.0,1,0.0,1,Yes,100,128.88,10444.26,0.776,0.1,128.88
110,2023-11-24,New Orleans Pelicans,LA Clippers,228.0,0,0.634,157,273,222.0,0,0.0,1,No,100,-100.0,10344.26,0.634,0.1,157.73
111,2023-11-24,San Antonio Spurs,Golden State Warriors,236.5,0,0.671,149,303,230.0,1,0.0,1,Yes,100,149.05,10493.3,0.671,0.1,149.05
112,2023-11-24,Sacramento Kings,Minnesota Timberwolves,230.5,0,0.602,166,251,235.0,0,0.0,1,No,100,-100.0,10393.3,0.602,0.1,166.08
113,2023-11-24,Washington Wizards,Milwaukee Bucks,248.0,0,0.764,130,424,259.0,1,0.0,1,Yes,100,130.82,10524.12,0.764,0.1,130.82
114,2023-11-24,Chicago Bulls,Toronto Raptors,218.0,0,0.637,157,275,229.0,1,0.0,1,Yes,100,157.03,10681.15,0.637,0.1,157.03
115,2023-11-24,Phoenix Suns,Memphis Grizzlies,220.5,0,0.695,143,328,199.0,0,0.0,0,Yes,100,143.8,10824.95,0.305,0.1,143.8
116,2023-11-24,Detroit Pistons,Indiana Pacers,247.0,0,0.722,138,359,249.0,1,0.0,1,Yes,100,138.54,10963.49,0.722,0.1,138.54
117,2023-11-25,Philadelphia 76ers,Oklahoma City Thunder,230.5,0,0.605,165,253,250.0,0,0.0,1,No,100,-100.0,10863.49,0.605,0.1,165.17
118,2023-11-25,Atlanta Hawks,Washington Wizards,248.5,0,0.623,160,264,244.0,0,0.0,0,Yes,100,160.61,11024.1,0.377,0.1,160.61
119,2023-11-25,New Orleans Pelicans,Utah Jazz,227.5,0,0.63,158,270,205.0,1,0.0,0,No,100,-100.0,10924.1,0.37,0.1,158.77
120,2023-11-26,Chicago Bulls,Brooklyn Nets,221.5,0,0.646,154,282,227.0,1,0.0,1,Yes,100,154.83,11078.93,0.646,0.1,154.83
121,2023-11-26,San Antonio Spurs,Denver Nuggets,229.5,0,0.761,131,418,252.0,1,0.0,1,Yes,100,131.39,11210.32,0.761,0.1,131.39
122,2023-11-26,Minnesota Timberwolves,Memphis Grizzlies,217.5,0,0.736,135,379,216.0,0,0.0,0,Yes,100,135.8,11346.12,0.264,0.1,135.8
123,2023-11-26,Atlanta Hawks,Boston Celtics,236.0,0,0.8,125,499,216.0,1,0.0,1,Yes,100,125.03,11471.15,0.8,0.1,125.03
124,2023-11-26,Charlotte Hornets,Orlando Magic,228.5,0,0.691,144,323,247.0,1,0.0,1,Yes,100,144.66,11615.81,0.691,0.1,144.66
125,2023-11-26,Portland Trail Blazers,Milwaukee Bucks,231.5,0,0.793,126,482,210.0,1,0.0,1,Yes,100,126.15,11741.96,0.793,0.1,126.15
126,2023-11-27,Portland Trail Blazers,Indiana Pacers,240.5,0,0.787,127,469,224.0,0,0.0,1,No,100,-100.0,11641.96,0.787,0.1,127.05
127,2023-11-27,Los Angeles Lakers,Philadelphia 76ers,230.5,0,0.69,145,322,232.0,1,0.0,1,Yes,100,145.03,11786.98,0.69,0.1,145.03
128,2023-11-27,New Orleans Pelicans,Utah Jazz,232.0,0,0.685,146,317,226.0,1,0.0,0,No,100,-100.0,11686.98,0.315,0.1,146.03
129,2023-11-27,Denver Nuggets,LA Clippers,217.5,0,0.623,160,265,217.0,0,0.0,1,No,100,-100.0,11586.98,0.623,0.1,160.41
130,2023-11-28,Charlotte Hornets,New York Knicks,220.0,0,0.714,140,349,206.0,1,0.0,1,Yes,100,140.1,11727.08,0.714,0.1,140.1
131,2023-11-28,Chicago Bulls,Boston Celtics,219.0,0,0.813,122,534,221.0,1,0.0,1,Yes,100,122.99,11850.07,0.813,0.1,122.99
132,2023-11-29,Houston Rockets,Denver Nuggets,227.5,0,0.647,154,283,258.0,1,0.0,1,Yes,100,154.59,12004.66,0.647,0.1,154.59
133,2023-11-29,Philadelphia 76ers,New Orleans Pelicans,232.5,0,0.609,164,255,238.0,1,0.0,0,No,100,-100.0,11904.66,0.391,0.1,164.12
134,2023-11-29,Los Angeles Lakers,Detroit Pistons,229.0,0,0.683,146,315,240.0,0,0.0,0,Yes,100,146.48,12051.14,0.317,0.1,146.48
135,2023-11-29,Washington Wizards,Orlando Magic,235.5,0,0.772,129,438,259.0,1,0.0,1,Yes,100,129.55,12180.68,0.772,0.1,129.55
136,2023-11-30,Portland Trail Blazers,Cleveland Cavaliers,218.5,0,0.727,137,366,198.0,0,0.0,1,No,100,-100.0,12080.68,0.727,0.1,137.51
137,2023-11-30,Charlotte Hornets,Brooklyn Nets,223.0,0,0.731,136,371,257.0,0,0.0,1,No,100,-100.0,11980.68,0.731,0.1,136.84
138,2023-11-30,Detroit Pistons,New York Knicks,218.5,0,0.837,119,614,230.0,1,0.0,1,Yes,100,119.43,12100.11,0.837,0.1,119.43
139,2023-11-30,Los Angeles Lakers,Oklahoma City Thunder,234.5,0,0.73,137,369,243.0,1,0.0,1,Yes,100,137.08,12237.19,0.73,0.1,137.08
140,2023-11-30,Atlanta Hawks,San Antonio Spurs,246.0,0,0.612,163,257,272.0,0,0.0,0,Yes,100,163.49,12400.68,0.388,0.1,163.49
141,2023-11-30,Utah Jazz,Minnesota Timberwolves,219.5,0,0.838,119,616,191.0,1,0.0,1,Yes,100,119.35,12520.03,0.838,0.1,119.35
142,2023-11-30,Milwaukee Bucks,Chicago Bulls,226.0,0,0.633,157,272,233.0,1,0.0,0,No,100,-100.0,12420.03,0.367,0.1,157.91
143,2023-12-01,Memphis Grizzlies,Dallas Mavericks,224.5,0,0.78,128,454,202.0,0,0.0,1,No,100,-100.0,12320.03,0.78,0.1,128.22
144,2023-12-01,San Antonio Spurs,New Orleans Pelicans,238.5,0,0.764,130,423,227.0,1,0.0,1,Yes,100,130.89,12450.92,0.764,0.1,130.89
145,2023-12-01,Philadelphia 76ers,Boston Celtics,217.5,0,0.696,143,328,244.0,1,0.0,1,Yes,100,143.7,12594.63,0.696,0.1,143.7
146,2023-12-01,Washington Wizards,Orlando Magic,236.0,0,0.78,128,453,255.0,1,0.0,1,Yes,100,128.26,12722.89,0.78,0.1,128.26
147,2023-12-02,Memphis Grizzlies,Phoenix Suns,220.0,0,0.713,140,348,225.0,1,0.0,1,Yes,100,140.26,12863.15,0.713,0.1,140.26
148,2023-12-02,Oklahoma City Thunder,Dallas Mavericks,234.5,0,0.608,164,255,246.0,0,0.0,0,Yes,100,164.4,13027.55,0.392,0.1,164.4
149,2023-12-02,Atlanta Hawks,Milwaukee Bucks,251.5,0,0.612,163,257,253.0,1,0.0,1,Yes,100,163.52,13191.07,0.612,0.1,163.52
150,2023-12-02,Indiana Pacers,Miami Heat,237.0,0,0.617,162,260,273.0,0,0.0,1,No,100,-100.0,13091.07,0.617,0.1,162.2
151,2023-12-02,Cleveland Cavaliers,Detroit Pistons,225.0,0,0.699,143,331,211.0,0,0.0,0,Yes,100,143.15,13234.22,0.301,0.1,143.15
152,2023-12-02,Minnesota Timberwolves,Charlotte Hornets,219.5,0,0.686,145,318,240.0,0,0.0,0,Yes,100,145.86,13380.08,0.314,0.1,145.86
153,2023-12-05,New York Knicks,Milwaukee Bucks,229.5,0,0.616,162,260,268.0,1,0.0,1,Yes,100,162.4,13542.49,0.616,0.1,162.4
154,2023-12-06,Utah Jazz,Dallas Mavericks,238.5,0,0.745,134,391,244.0,1,0.0,1,Yes,100,134.28,13676.77,0.745,0.1,134.28
155,2023-12-06,Philadelphia 76ers,Washington Wizards,234.5,0,0.664,150,297,257.0,0,0.0,0,Yes,100,150.52,13827.29,0.336,0.1,150.52
156,2023-12-06,San Antonio Spurs,Minnesota Timberwolves,231.0,0,0.753,132,405,196.0,1,0.0,1,Yes,100,132.72,13960.0,0.753,0.1,132.72
157,2023-12-06,Portland Trail Blazers,Golden State Warriors,225.5,0,0.674,148,306,216.0,1,0.0,1,Yes,100,148.32,14108.32,0.674,0.1,148.32
158,2023-12-07,Indiana Pacers,Milwaukee Bucks,257.0,0,0.656,152,291,247.0,0,0.0,1,No,100,-100.0,14008.32,0.656,0.1,152.33
159,2023-12-08,Houston Rockets,Denver Nuggets,221.0,0,0.609,164,255,220.0,0,0.0,1,No,100,-100.0,13908.32,0.609,0.1,164.31
160,2023-12-08,LA Clippers,Utah Jazz,225.0,0,0.714,140,349,220.0,0,0.0,0,Yes,100,140.02,14048.34,0.286,0.1,140.02
161,2023-12-08,Dallas Mavericks,Portland Trail Blazers,233.5,0,0.686,145,318,237.0,0,0.0,0,Yes,100,145.72,14194.06,0.314,0.1,145.72
162,2023-12-08,Golden State Warriors,Oklahoma City Thunder,236.0,0,0.664,150,297,274.0,1,0.0,1,Yes,100,150.67,14344.73,0.664,0.1,150.67
163,2023-12-08,Minnesota Timberwolves,Memphis Grizzlies,213.5,0,0.723,138,361,230.0,0,0.0,0,Yes,100,138.22,14482.96,0.277,0.1,138.22
164,2023-12-08,Washington Wizards,Brooklyn Nets,239.5,0,0.75,133,399,221.0,1,0.0,1,Yes,100,133.36,14616.32,0.75,0.1,133.36
165,2023-12-08,New York Knicks,Boston Celtics,220.5,0,0.759,131,414,256.0,1,0.0,1,Yes,100,131.8,14748.12,0.759,0.1,131.8
166,2023-12-08,Detroit Pistons,Orlando Magic,229.5,0,0.797,125,493,214.0,1,0.0,1,Yes,100,125.43,14873.55,0.797,0.1,125.43
167,2023-12-08,Atlanta Hawks,Philadelphia 76ers,235.0,0,0.676,147,308,239.0,1,0.0,1,Yes,100,147.95,15021.51,0.676,0.1,147.95
168,2023-12-11,Portland Trail Blazers,LA Clippers,220.5,0,0.774,129,442,259.0,1,0.0,1,Yes,100,129.21,15150.71,0.774,0.1,129.21
169,2023-12-11,Chicago Bulls,Milwaukee Bucks,233.0,0,0.772,129,438,262.0,1,0.0,1,Yes,100,129.57,15280.28,0.772,0.1,129.57
170,2023-12-11,Minnesota Timberwolves,New Orleans Pelicans,222.0,0,0.61,164,256,228.0,1,0.0,0,No,100,-100.0,15180.28,0.39,0.1,164.02
171,2023-12-11,Dallas Mavericks,Memphis Grizzlies,227.5,0,0.684,146,316,233.0,0,0.0,0,Yes,100,146.3,15326.58,0.316,0.1,146.3
172,2023-12-11,Utah Jazz,Oklahoma City Thunder,235.5,0,0.783,127,460,254.0,1,0.0,1,Yes,100,127.73,15454.3,0.783,0.1,127.73
173,2023-12-11,San Antonio Spurs,Houston Rockets,224.0,0,0.752,132,403,175.0,1,0.0,1,Yes,100,132.95,15587.26,0.752,0.1,132.95
174,2023-12-11,Toronto Raptors,New York Knicks,222.0,0,0.65,153,286,266.0,1,0.0,1,Yes,100,153.73,15740.99,0.65,0.1,153.73
175,2023-12-11,Miami Heat,Charlotte Hornets,222.5,0,0.629,158,269,230.0,0,0.0,0,Yes,100,158.86,15899.85,0.371,0.1,158.86
176,2023-12-11,Indiana Pacers,Detroit Pistons,247.5,0,0.705,141,339,254.0,0,0.0,0,Yes,100,141.84,16041.69,0.295,0.1,141.84
177,2023-12-11,Washington Wizards,Philadelphia 76ers,243.5,0,0.795,125,488,247.0,1,0.0,1,Yes,100,125.76,16167.45,0.795,0.1,125.76
178,2023-12-11,Cleveland Cavaliers,Orlando Magic,226.0,0,0.665,150,298,198.0,1,0.0,1,Yes,100,150.29,16317.73,0.665,0.1,150.29
179,2023-12-12,Los Angeles Lakers,Dallas Mavericks,236.0,0,0.621,161,263,252.0,1,0.0,1,Yes,100,161.08,16478.81,0.621,0.1,161.08
180,2023-12-12,Cleveland Cavaliers,Boston Celtics,226.5,0,0.811,123,527,233.0,1,0.0,1,Yes,100,123.38,16602.19,0.811,0.1,123.38
181,2023-12-12,Sacramento Kings,LA Clippers,238.0,0,0.677,147,309,218.0,1,0.0,1,Yes,100,147.73,16749.91,0.677,0.1,147.73
182,2023-12-13,New York Knicks,Utah Jazz,229.5,0,0.696,143,329,230.0,1,0.0,0,No,100,-100.0,16649.91,0.304,0.1,143.62
183,2023-12-13,Indiana Pacers,Milwaukee Bucks,258.0,0,0.663,150,296,266.0,1,0.0,1,Yes,100,150.84,16800.75,0.663,0.1,150.84
184,2023-12-13,Memphis Grizzlies,Houston Rockets,210.5,0,0.764,130,423,221.0,1,0.0,1,Yes,100,130.87,16931.62,0.764,0.1,130.87
185,2023-12-13,New Orleans Pelicans,Washington Wizards,240.0,0,0.605,165,252,264.0,0,0.0,0,Yes,100,165.4,17097.02,0.395,0.1,165.4
186,2023-12-13,Charlotte Hornets,Miami Heat,223.5,0,0.697,143,329,219.0,1,0.0,1,Yes,100,143.51,17240.53,0.697,0.1,143.51
187,2023-12-13,Philadelphia 76ers,Detroit Pistons,233.5,0,0.763,131,421,240.0,0,0.0,0,Yes,100,131.13,17371.65,0.237,0.1,131.13
188,2023-12-13,Los Angeles Lakers,San Antonio Spurs,231.5,0,0.643,155,280,241.0,0,0.0,0,Yes,100,155.48,17527.13,0.357,0.1,155.48
189,2023-12-14,Oklahoma City Thunder,Sacramento Kings,245.5,0,0.605,165,253,251.0,1,0.0,0,No,100,-100.0,17427.13,0.395,0.1,165.23
190,2023-12-14,Golden State Warriors,LA Clippers,231.5,0,0.707,141,340,234.0,1,0.0,1,Yes,100,141.51,17568.64,0.707,0.1,141.51
191,2023-12-14,Cleveland Cavaliers,Boston Celtics,227.0,0,0.795,125,488,223.0,1,0.0,1,Yes,100,125.73,17694.37,0.795,0.1,125.73
192,2023-12-14,Chicago Bulls,Miami Heat,213.0,0,0.706,141,340,240.0,0,0.0,1,No,100,-100.0,17594.37,0.706,0.1,141.62
193,2023-12-14,Brooklyn Nets,Denver Nuggets,231.0,0,0.654,152,289,225.0,1,0.0,1,Yes,100,152.87,17747.25,0.654,0.1,152.87
194,2023-12-15,Detroit Pistons,Philadelphia 76ers,235.0,0,0.814,122,537,216.0,1,0.0,1,Yes,100,122.88,17870.12,0.814,0.1,122.88
195,2023-12-15,New Orleans Pelicans,Charlotte Hornets,234.0,0,0.627,159,268,219.0,0,0.0,0,Yes,100,159.49,18029.62,0.373,0.1,159.49
196,2023-12-15,Orlando Magic,Boston Celtics,227.5,0,0.693,144,325,239.0,1,0.0,1,Yes,100,144.38,18174.0,0.693,0.1,144.38
197,2023-12-15,Los Angeles Lakers,San Antonio Spurs,235.5,0,0.673,148,306,244.0,1,0.0,0,No,100,-100.0,18074.0,0.327,0.1,148.53
198,2023-12-15,Houston Rockets,Memphis Grizzlies,212.5,0,0.704,142,337,199.0,0,0.0,0,Yes,100,142.11,18216.11,0.296,0.1,142.11
199,2023-12-16,New York Knicks,LA Clippers,230.5,0,0.671,148,304,266.0,1,0.0,1,Yes,100,148.97,18365.08,0.671,0.1,148.97
200,2023-12-16,Utah Jazz,Sacramento Kings,235.0,0,0.712,140,347,229.0,1,0.0,1,Yes,100,140.43,18505.51,0.712,0.1,140.43
201,2023-12-16,Dallas Mavericks,Portland Trail Blazers,233.0,0,0.69,145,322,251.0,0,0.0,0,Yes,100,145.0,18650.51,0.31,0.1,145.0
202,2023-12-16,Chicago Bulls,Miami Heat,219.5,0,0.715,139,350,234.0,1,0.0,1,Yes,100,139.87,18790.38,0.715,0.1,139.87
203,2023-12-16,Atlanta Hawks,Cleveland Cavaliers,236.5,0,0.635,157,273,246.0,1,0.0,1,Yes,100,157.53,18947.91,0.635,0.1,157.53
204,2023-12-16,Philadelphia 76ers,Charlotte Hornets,229.0,0,0.663,150,296,217.0,0,0.0,0,Yes,100,150.86,19098.77,0.337,0.1,150.86
205,2023-12-16,Detroit Pistons,Milwaukee Bucks,241.0,0,0.819,122,551,260.0,1,0.0,1,Yes,100,122.15,19220.91,0.819,0.1,122.15
206,2023-12-16,Indiana Pacers,Minnesota Timberwolves,238.0,0,0.727,137,366,236.0,1,0.0,1,Yes,100,137.55,19358.46,0.727,0.1,137.55
207,2023-12-17,Orlando Magic,Boston Celtics,226.0,0,0.683,146,315,211.0,1,0.0,1,Yes,100,146.41,19504.87,0.683,0.1,146.41
208,2023-12-17,New Orleans Pelicans,San Antonio Spurs,239.0,0,0.625,159,266,256.0,0,0.0,0,Yes,100,159.94,19664.81,0.375,0.1,159.94
209,2023-12-17,Houston Rockets,Milwaukee Bucks,231.5,0,0.641,155,278,247.0,1,0.0,1,Yes,100,155.94,19820.75,0.641,0.1,155.94
210,2023-12-17,Washington Wizards,Phoenix Suns,245.5,0,0.751,133,402,220.0,1,0.0,1,Yes,100,133.08,19953.83,0.751,0.1,133.08
211,2023-12-17,Golden State Warriors,Portland Trail Blazers,233.0,0,0.63,158,270,232.0,0,0.0,0,Yes,100,158.71,20112.54,0.37,0.1,158.71
212,2023-12-18,Brooklyn Nets,Utah Jazz,233.0,0,0.692,144,324,233.0,1,0.0,0,No,100,-100.0,20012.54,0.308,0.1,144.55
213,2023-12-18,Washington Wizards,Sacramento Kings,252.0,0,0.741,134,385,274.0,1,0.0,1,Yes,100,134.98,20147.52,0.741,0.1,134.98
214,2023-12-18,Dallas Mavericks,Denver Nuggets,239.5,0,0.61,163,256,234.0,1,0.0,1,Yes,100,163.95,20311.47,0.61,0.1,163.95
215,2023-12-18,Memphis Grizzlies,Oklahoma City Thunder,228.5,0,0.777,128,448,213.0,1,0.0,1,Yes,100,128.71,20440.17,0.777,0.1,128.71
216,2023-12-18,Detroit Pistons,Atlanta Hawks,247.0,0,0.648,154,284,254.0,1,0.0,1,Yes,100,154.29,20594.46,0.648,0.1,154.29
217,2023-12-18,Charlotte Hornets,Toronto Raptors,224.0,0,0.639,156,276,213.0,1,0.0,1,Yes,100,156.5,20750.96,0.639,0.1,156.5
218,2023-12-18,Chicago Bulls,Philadelphia 76ers,227.0,0,0.795,125,487,212.0,0,0.0,1,No,100,-100.0,20650.96,0.795,0.1,125.8
219,2023-12-19,Memphis Grizzlies,New Orleans Pelicans,228.5,0,0.764,130,423,228.0,0,0.0,1,No,100,-100.0,20550.96,0.764,0.1,130.88
220,2023-12-19,San Antonio Spurs,Milwaukee Bucks,249.0,0,0.765,130,425,251.0,1,0.0,1,Yes,100,130.7,20681.66,0.765,0.1,130.7
221,2023-12-19,Phoenix Suns,Portland Trail Blazers,230.5,0,0.712,140,347,213.0,1,0.0,0,No,100,-100.0,20581.66,0.288,0.1,140.38
222,2023-12-19,Boston Celtics,Golden State Warriors,233.5,0,0.611,163,257,258.0,1,0.0,0,No,100,-100.0,20481.66,0.389,0.1,163.69
223,2023-12-20,Atlanta Hawks,Houston Rockets,233.0,0,0.669,149,302,261.0,0,0.0,1,No,100,-100.0,20381.66,0.669,0.1,149.4
224,2023-12-20,Utah Jazz,Cleveland Cavaliers,225.5,0,0.702,142,335,240.0,1,0.0,1,Yes,100,142.49,20524.14,0.702,0.1,142.49
225,2023-12-20,Charlotte Hornets,Indiana Pacers,245.5,0,0.686,145,318,257.0,1,0.0,1,Yes,100,145.85,20669.99,0.686,0.1,145.85
226,2023-12-20,Denver Nuggets,Toronto Raptors,229.0,0,0.635,157,274,217.0,0,0.0,0,Yes,100,157.45,20827.44,0.365,0.1,157.45
227,2023-12-21,Orlando Magic,Milwaukee Bucks,238.0,0,0.701,142,334,232.0,1,0.0,1,Yes,100,142.61,20970.06,0.701,0.1,142.61
228,2023-12-21,Los Angeles Lakers,Minnesota Timberwolves,222.5,0,0.749,133,398,229.0,1,0.0,1,Yes,100,133.47,21103.53,0.749,0.1,133.47
229,2023-12-21,LA Clippers,Oklahoma City Thunder,237.5,0,0.628,159,268,249.0,1,0.0,1,Yes,100,159.35,21262.87,0.628,0.1,159.35
230,2023-12-21,San Antonio Spurs,Chicago Bulls,229.5,0,0.669,149,302,209.0,1,0.0,1,Yes,100,149.4,21412.27,0.669,0.1,149.4
231,2023-12-21,Indiana Pacers,Memphis Grizzlies,246.5,0,0.632,158,271,219.0,1,0.0,0,No,100,-100.0,21312.27,0.368,0.1,158.23
232,2023-12-22,Toronto Raptors,Philadelphia 76ers,230.5,0,0.739,135,383,232.0,1,0.0,1,Yes,100,135.29,21447.57,0.739,0.1,135.29
233,2023-12-22,Atlanta Hawks,Miami Heat,238.5,0,0.651,153,286,235.0,1,0.0,1,Yes,100,153.54,21601.11,0.651,0.1,153.54
234,2023-12-22,Washington Wizards,Golden State Warriors,248.5,0,0.712,140,347,247.0,1,0.0,1,Yes,100,140.46,21741.57,0.712,0.1,140.46
235,2023-12-23,San Antonio Spurs,Dallas Mavericks,243.0,0,0.68,147,312,263.0,1,0.0,1,Yes,100,147.1,21888.68,0.68,0.1,147.1
236,2023-12-23,Portland Trail Blazers,Golden State Warriors,231.0,0,0.746,134,393,232.0,1,0.0,1,Yes,100,134.02,22022.7,0.746,0.1,134.02
237,2023-12-23,Los Angeles Lakers,Oklahoma City Thunder,239.0,0,0.712,140,347,249.0,0,0.0,1,No,100,-100.0,21922.7,0.712,0.1,140.42
238,2023-12-23,Detroit Pistons,Brooklyn Nets,231.0,0,0.662,150,296,241.0,1,0.0,1,Yes,100,150.97,22073.67,0.662,0.1,150.97
239,2023-12-23,Denver Nuggets,Charlotte Hornets,224.5,0,0.641,156,278,197.0,0,0.0,0,Yes,100,156.12,22229.79,0.359,0.1,156.12
240,2023-12-25,Golden State Warriors,Denver Nuggets,234.5,0,0.691,144,323,234.0,1,0.0,1,Yes,100,144.66,22374.45,0.691,0.1,144.66
241,2023-12-26,Charlotte Hornets,LA Clippers,227.0,0,0.787,127,470,217.0,1,0.0,1,Yes,100,127.03,22501.47,0.787,0.1,127.03
242,2023-12-26,Sacramento Kings,Portland Trail Blazers,236.5,0,0.698,143,330,243.0,1,0.0,0,No,100,-100.0,22401.47,0.302,0.1,143.36
243,2023-12-26,Indiana Pacers,Houston Rockets,240.5,0,0.656,152,290,240.0,0,0.0,1,No,100,-100.0,22301.47,0.656,0.1,152.53
244,2023-12-26,Memphis Grizzlies,New Orleans Pelicans,229.0,0,0.727,137,366,231.0,0,0.0,1,No,100,-100.0,22201.47,0.727,0.1,137.57
245,2023-12-26,Orlando Magic,Washington Wizards,236.5,0,0.619,161,262,246.0,0,0.0,0,Yes,100,161.54,22363.01,0.381,0.1,161.54
246,2023-12-26,Brooklyn Nets,Detroit Pistons,228.5,0,0.694,144,326,230.0,0,0.0,0,Yes,100,144.14,22507.15,0.306,0.1,144.14
247,2023-12-27,New York Knicks,Oklahoma City Thunder,241.0,0,0.688,145,320,249.0,1,0.0,1,Yes,100,145.39,22652.54,0.688,0.1,145.39
248,2023-12-27,Phoenix Suns,Houston Rockets,225.0,0,0.651,153,286,242.0,0,0.0,1,No,100,-100.0,22552.54,0.651,0.1,153.71
249,2023-12-28,Memphis Grizzlies,Denver Nuggets,222.5,0,0.778,128,451,247.0,1,0.0,1,Yes,100,128.49,22681.03,0.778,0.1,128.49
250,2023-12-28,Charlotte Hornets,Los Angeles Lakers,227.5,0,0.733,136,373,245.0,1,0.0,1,Yes,100,136.5,22817.53,0.733,0.1,136.5
251,2023-12-28,Utah Jazz,New Orleans Pelicans,239.5,0,0.635,157,273,217.0,1,0.0,1,Yes,100,157.47,22975.0,0.635,0.1,157.47
252,2023-12-28,Detroit Pistons,Boston Celtics,234.0,0,0.828,120,582,250.0,1,0.0,1,Yes,100,120.73,23095.73,0.828,0.1,120.73
253,2023-12-28,Dallas Mavericks,Minnesota Timberwolves,228.0,0,0.684,146,316,228.0,1,0.0,1,Yes,100,146.15,23241.88,0.684,0.1,146.15
254,2023-12-29,Toronto Raptors,Boston Celtics,228.5,0,0.784,127,463,238.0,1,0.0,1,Yes,100,127.53,23369.41,0.784,0.1,127.53
255,2023-12-29,Charlotte Hornets,Phoenix Suns,231.5,0,0.702,142,335,252.0,1,0.0,1,Yes,100,142.45,23511.85,0.702,0.1,142.45
256,2023-12-29,Memphis Grizzlies,LA Clippers,230.5,0,0.79,126,475,223.0,1,0.0,1,Yes,100,126.63,23638.49,0.79,0.1,126.63
257,2023-12-30,Los Angeles Lakers,Minnesota Timberwolves,227.0,0,0.726,137,365,214.0,1,0.0,1,Yes,100,137.67,23776.15,0.726,0.1,137.67
258,2023-12-30,Philadelphia 76ers,Chicago Bulls,225.5,0,0.627,159,268,197.0,1,0.0,0,No,100,-100.0,23676.15,0.373,0.1,159.48
259,2023-12-30,Toronto Raptors,Detroit Pistons,233.5,0,0.637,156,275,256.0,1,0.0,0,No,100,-100.0,23576.15,0.363,0.1,156.92
260,2023-12-30,Miami Heat,Utah Jazz,231.0,0,0.67,149,303,226.0,1,0.0,0,No,100,-100.0,23476.15,0.33,0.1,149.16
261,2023-12-30,New York Knicks,Indiana Pacers,245.5,0,0.624,160,265,266.0,1,0.0,1,Yes,100,160.3,23636.45,0.624,0.1,160.3
262,2023-12-31,Sacramento Kings,Memphis Grizzlies,237.0,0,0.68,147,312,215.0,0,0.0,0,Yes,100,147.05,23783.5,0.32,0.1,147.05
263,2023-12-31,Boston Celtics,San Antonio Spurs,241.5,0,0.714,140,349,235.0,0,0.0,0,Yes,100,140.01,23923.5,0.286,0.1,140.01
264,2023-12-31,Los Angeles Lakers,New Orleans Pelicans,233.0,0,0.632,158,272,238.0,1,0.0,1,Yes,100,158.13,24081.64,0.632,0.1,158.13
265,2023-12-31,Brooklyn Nets,Oklahoma City Thunder,235.0,0,0.723,138,361,232.0,1,0.0,1,Yes,100,138.26,24219.89,0.723,0.1,138.26
266,2024-01-01,Charlotte Hornets,Denver Nuggets,224.5,0,0.78,128,454,204.0,1,0.0,1,Yes,100,128.19,24348.09,0.78,0.1,128.19
267,2024-01-01,Portland Trail Blazers,Phoenix Suns,229.0,0,0.69,144,322,197.0,1,0.0,1,Yes,100,144.98,24493.06,0.69,0.1,144.98
268,2024-01-01,Detroit Pistons,Houston Rockets,227.5,0,0.79,126,476,249.0,1,0.0,1,Yes,100,126.58,24619.64,0.79,0.1,126.58
269,2024-01-01,Dallas Mavericks,Utah Jazz,247.5,0,0.676,147,308,217.0,1,0.0,0,No,100,-100.0,24519.64,0.324,0.1,147.9
270,2024-01-01,Indiana Pacers,Milwaukee Bucks,261.5,0,0.68,147,312,235.0,0,0.0,1,No,100,-100.0,24419.64,0.68,0.1,147.04
271,2024-01-01,Miami Heat,LA Clippers,228.5,0,0.628,159,269,225.0,1,0.0,1,Yes,100,159.13,24578.77,0.628,0.1,159.13
272,2024-01-02,Charlotte Hornets,Sacramento Kings,233.5,0,0.73,137,369,215.0,0,0.0,1,No,100,-100.0,24478.77,0.73,0.1,137.08
273,2024-01-02,Brooklyn Nets,New Orleans Pelicans,227.0,0,0.639,156,277,197.0,1,0.0,1,Yes,100,156.41,24635.18,0.639,0.1,156.41
274,2024-01-02,Chicago Bulls,Philadelphia 76ers,222.5,0,0.748,133,397,207.0,1,0.0,1,Yes,100,133.62,24768.8,0.748,0.1,133.62
275,2024-01-03,Portland Trail Blazers,Dallas Mavericks,239.0,0,0.718,139,354,223.0,1,0.0,1,Yes,100,139.28,24908.09,0.718,0.1,139.28
276,2024-01-03,Brooklyn Nets,Houston Rockets,221.5,0,0.714,140,349,213.0,1,0.0,1,Yes,100,140.04,25048.13,0.714,0.1,140.04
277,2024-01-03,New Orleans Pelicans,Minnesota Timberwolves,221.0,0,0.715,139,351,223.0,0,0.0,1,No,100,-100.0,24948.13,0.715,0.1,139.83
278,2024-01-03,Oklahoma City Thunder,Atlanta Hawks,249.0,0,0.635,157,274,279.0,1,0.0,0,No,100,-100.0,24848.13,0.365,0.1,157.37
279,2024-01-03,Washington Wizards,Cleveland Cavaliers,239.5,0,0.723,138,360,241.0,1,0.0,1,Yes,100,138.35,24986.47,0.723,0.1,138.35
280,2024-01-03,Toronto Raptors,Memphis Grizzlies,228.0,0,0.677,147,309,227.0,0,0.0,0,Yes,100,147.7,25134.18,0.323,0.1,147.7
281,2024-01-03,Chicago Bulls,New York Knicks,221.0,0,0.753,132,404,216.0,1,0.0,1,Yes,100,132.83,25267.01,0.753,0.1,132.83
282,2024-01-04,Milwaukee Bucks,San Antonio Spurs,248.0,0,0.673,148,306,246.0,0,0.0,0,Yes,100,148.51,25415.52,0.327,0.1,148.51
283,2024-01-05,Detroit Pistons,Golden State Warriors,240.5,0,0.659,151,292,222.0,1,0.0,1,Yes,100,151.84,25567.36,0.659,0.1,151.84
284,2024-01-05,Orlando Magic,Denver Nuggets,224.0,0,0.679,147,311,242.0,0,0.0,1,No,100,-100.0,25467.36,0.679,0.1,147.29
285,2024-01-05,New York Knicks,Philadelphia 76ers,233.5,0,0.666,150,299,220.0,0,0.0,1,No,100,-100.0,25367.36,0.666,0.1,150.25
286,2024-01-05,Memphis Grizzlies,Los Angeles Lakers,224.5,0,0.701,142,334,240.0,0,0.0,1,No,100,-100.0,25267.36,0.701,0.1,142.61
287,2024-01-05,Portland Trail Blazers,Dallas Mavericks,234.0,0,0.744,134,390,242.0,1,0.0,1,Yes,100,134.44,25401.8,0.744,0.1,134.44
288,2024-01-05,Utah Jazz,Boston Celtics,240.5,0,0.79,126,477,223.0,1,0.0,1,Yes,100,126.5,25528.3,0.79,0.1,126.5
289,2024-01-05,Washington Wizards,Cleveland Cavaliers,237.5,0,0.732,136,373,204.0,1,0.0,1,Yes,100,136.62,25664.92,0.732,0.1,136.62
290,2024-01-05,Oklahoma City Thunder,Brooklyn Nets,234.0,0,0.625,160,266,239.0,1,0.0,0,No,100,-100.0,25564.92,0.375,0.1,160.05
291,2024-01-05,Atlanta Hawks,Indiana Pacers,262.0,0,0.636,157,274,266.0,1,0.0,1,Yes,100,157.18,25722.1,0.636,0.1,157.18
292,2024-01-05,Charlotte Hornets,Chicago Bulls,217.5,0,0.655,152,290,195.0,1,0.0,1,Yes,100,152.62,25874.72,0.655,0.1,152.62
293,2024-01-06,Utah Jazz,Philadelphia 76ers,236.5,0,0.78,128,454,229.0,0,0.0,1,No,100,-100.0,25774.72,0.78,0.1,128.18
294,2024-01-07,Detroit Pistons,Denver Nuggets,235.5,0,0.807,123,517,245.0,1,0.0,1,Yes,100,123.94,25898.66,0.807,0.1,123.94
295,2024-01-07,Toronto Raptors,Golden State Warriors,237.5,0,0.612,163,257,251.0,0,0.0,1,No,100,-100.0,25798.66,0.612,0.1,163.41
296,2024-01-07,Memphis Grizzlies,Phoenix Suns,229.0,0,0.729,137,368,236.0,0,0.0,1,No,100,-100.0,25698.66,0.729,0.1,137.25
297,2024-01-07,Portland Trail Blazers,Brooklyn Nets,225.5,0,0.677,147,310,261.0,0,0.0,1,No,100,-100.0,25598.66,0.677,0.1,147.61
298,2024-01-07,Atlanta Hawks,Orlando Magic,240.0,0,0.653,153,288,227.0,1,0.0,1,Yes,100,153.13,25751.79,0.653,0.1,153.13
299,2024-01-07,San Antonio Spurs,Cleveland Cavaliers,232.0,0,0.73,136,370,232.0,1,0.0,1,Yes,100,136.97,25888.76,0.73,0.1,136.97
300,2024-01-08,Oklahoma City Thunder,Washington Wizards,244.5,0,0.696,143,328,264.0,0,0.0,0,Yes,100,143.77,26032.53,0.304,0.1,143.77
301,2024-01-08,Utah Jazz,Milwaukee Bucks,240.5,0,0.715,139,350,248.0,0,0.0,1,No,100,-100.0,25932.53,0.715,0.1,139.89
302,2024-01-08,Phoenix Suns,LA Clippers,234.5,0,0.736,135,378,249.0,1,0.0,1,Yes,100,135.9,26068.43,0.736,0.1,135.9
303,2024-01-09,Sacramento Kings,Detroit Pistons,237.5,0,0.718,139,354,241.0,0,0.0,0,Yes,100,139.32,26207.75,0.282,0.1,139.32
304,2024-01-09,Portland Trail Blazers,New York Knicks,229.0,0,0.764,130,423,196.0,1,0.0,1,Yes,100,130.93,26338.67,0.764,0.1,130.93
305,2024-01-09,Memphis Grizzlies,Dallas Mavericks,236.0,0,0.74,135,384,223.0,0,0.0,1,No,100,-100.0,26238.67,0.74,0.1,135.18
306,2024-01-09,Toronto Raptors,Los Angeles Lakers,239.5,0,0.611,163,256,263.0,1,0.0,1,Yes,100,163.75,26402.43,0.611,0.1,163.75
307,2024-01-10,Minnesota Timberwolves,Boston Celtics,227.5,0,0.788,126,471,247.0,1,0.0,1,Yes,100,126.92,26529.35,0.788,0.1,126.92
308,2024-01-10,Toronto Raptors,LA Clippers,235.5,0,0.789,126,475,246.0,1,0.0,1,Yes,100,126.67,26656.01,0.789,0.1,126.67
309,2024-01-10,Denver Nuggets,Utah Jazz,238.5,0,0.66,151,294,235.0,1,0.0,0,No,100,-100.0,26556.01,0.34,0.1,151.41
310,2024-01-10,Sacramento Kings,Charlotte Hornets,230.5,0,0.646,154,282,221.0,0,0.0,0,Yes,100,154.87,26710.88,0.354,0.1,154.87
311,2024-01-10,Oklahoma City Thunder,Miami Heat,232.5,0,0.612,163,257,248.0,0,0.0,0,Yes,100,163.4,26874.28,0.388,0.1,163.4
312,2024-01-10,Washington Wizards,Indiana Pacers,251.5,0,0.749,133,398,216.0,1,0.0,1,Yes,100,133.46,27007.74,0.749,0.1,133.46
313,2024-01-10,Philadelphia 76ers,Atlanta Hawks,248.5,0,0.66,151,294,271.0,1,0.0,0,No,100,-100.0,26907.74,0.34,0.1,151.46
314,2024-01-11,Brooklyn Nets,Cleveland Cavaliers,221.5,0,0.626,159,267,213.0,1,0.0,1,Yes,100,159.81,27067.55,0.626,0.1,159.81
315,2024-01-11,Portland Trail Blazers,Oklahoma City Thunder,238.5,0,0.818,122,549,216.0,1,0.0,1,Yes,100,122.25,27189.8,0.818,0.1,122.25
316,2024-01-12,Portland Trail Blazers,Minnesota Timberwolves,220.0,0,0.823,121,563,209.0,1,0.0,1,Yes,100,121.57,27311.37,0.823,0.1,121.57
317,2024-01-12,New Orleans Pelicans,Denver Nuggets,230.0,0,0.624,160,266,238.0,1,0.0,1,Yes,100,160.21,27471.57,0.624,0.1,160.21
318,2024-01-12,LA Clippers,Memphis Grizzlies,224.5,0,0.732,136,373,247.0,0,0.0,0,Yes,100,136.55,27608.12,0.268,0.1,136.55
319,2024-01-12,Sacramento Kings,Philadelphia 76ers,242.5,0,0.634,157,272,205.0,1,0.0,1,Yes,100,157.82,27765.94,0.634,0.1,157.82
320,2024-01-12,Houston Rockets,Detroit Pistons,223.5,0,0.706,141,340,222.0,0,0.0,0,Yes,100,141.55,27907.49,0.294,0.1,141.55
321,2024-01-13,Houston Rockets,Boston Celtics,226.5,0,0.849,117,663,258.0,1,0.0,1,Yes,100,117.74,28025.23,0.849,0.1,117.74
322,2024-01-13,Washington Wizards,Atlanta Hawks,248.5,0,0.652,153,287,226.0,0,0.0,1,No,100,-100.0,27925.23,0.652,0.1,153.28
323,2024-01-13,New York Knicks,Memphis Grizzlies,219.5,0,0.71,140,344,200.0,0,0.0,0,Yes,100,140.9,28066.13,0.29,0.1,140.9
324,2024-01-13,Orlando Magic,Oklahoma City Thunder,232.0,0,0.798,125,495,212.0,1,0.0,1,Yes,100,125.27,28191.4,0.798,0.1,125.27
325,2024-01-13,Golden State Warriors,Milwaukee Bucks,241.5,0,0.722,138,359,247.0,1,0.0,1,Yes,100,138.53,28329.93,0.722,0.1,138.53
326,2024-01-14,Sacramento Kings,Milwaukee Bucks,246.5,0,0.689,145,321,285.0,1,0.0,1,Yes,100,145.1,28475.03,0.689,0.1,145.1
327,2024-01-14,LA Clippers,Minnesota Timberwolves,222.5,0,0.629,159,269,214.0,1,0.0,1,Yes,100,159.02,28634.05,0.629,0.1,159.02
328,2024-01-14,Phoenix Suns,Portland Trail Blazers,234.0,0,0.722,138,360,243.0,0,0.0,0,Yes,100,138.41,28772.46,0.278,0.1,138.41
329,2024-01-14,Indiana Pacers,Denver Nuggets,239.5,0,0.689,145,321,226.0,1,0.0,1,Yes,100,145.07,28917.54,0.689,0.1,145.07
330,2024-01-14,Charlotte Hornets,Miami Heat,225.5,0,0.717,139,353,191.0,1,0.0,1,Yes,100,139.41,29056.95,0.717,0.1,139.41
331,2024-01-15,Chicago Bulls,Cleveland Cavaliers,222.5,0,0.671,148,304,200.0,1,0.0,1,Yes,100,148.98,29205.93,0.671,0.1,148.98
332,2024-01-15,Golden State Warriors,Memphis Grizzlies,226.5,0,0.659,151,293,223.0,1,0.0,0,No,100,-100.0,29105.93,0.341,0.1,151.76
333,2024-01-15,Boston Celtics,Toronto Raptors,237.5,0,0.653,153,288,201.0,0,0.0,0,Yes,100,153.13,29259.06,0.347,0.1,153.13
334,2024-01-15,Orlando Magic,New York Knicks,217.0,0,0.621,160,264,192.0,0,0.0,1,No,100,-100.0,29159.06,0.621,0.1,160.93
335,2024-01-15,Houston Rockets,Philadelphia 76ers,231.5,0,0.689,145,321,239.0,1,0.0,1,Yes,100,145.15,29304.21,0.689,0.1,145.15
336,2024-01-15,San Antonio Spurs,Atlanta Hawks,246.0,0,0.618,161,261,208.0,1,0.0,1,Yes,100,161.81,29466.02,0.618,0.1,161.81
337,2024-01-17,Houston Rockets,New York Knicks,223.5,0,0.625,160,266,203.0,1,0.0,1,Yes,100,160.07,29626.09,0.625,0.1,160.07
338,2024-01-17,Brooklyn Nets,Portland Trail Blazers,221.5,0,0.676,147,308,208.0,1,0.0,0,No,100,-100.0,29526.09,0.324,0.1,147.91
339,2024-01-17,San Antonio Spurs,Boston Celtics,237.0,0,0.826,121,573,215.0,1,0.0,1,Yes,100,121.14,29647.23,0.826,0.1,121.14
340,2024-01-17,Charlotte Hornets,New Orleans Pelicans,229.5,0,0.757,132,411,244.0,1,0.0,1,Yes,100,132.11,29779.34,0.757,0.1,132.11
341,2024-01-17,Miami Heat,Toronto Raptors,226.0,0,0.602,166,251,218.0,1,0.0,0,No,100,-100.0,29679.34,0.398,0.1,166.17
342,2024-01-17,Minnesota Timberwolves,Detroit Pistons,223.5,0,0.762,131,420,241.0,0,0.0,0,Yes,100,131.21,29810.55,0.238,0.1,131.21
343,2024-01-18,Washington Wizards,New York Knicks,233.0,0,0.802,124,505,222.0,1,0.0,1,Yes,100,124.64,29935.19,0.802,0.1,124.64
344,2024-01-18,Memphis Grizzlies,Minnesota Timberwolves,216.5,0,0.792,126,480,221.0,1,0.0,1,Yes,100,126.28,30061.47,0.792,0.1,126.28
345,2024-01-19,Brooklyn Nets,Los Angeles Lakers,226.5,0,0.621,161,263,242.0,0,0.0,1,No,100,-100.0,29961.47,0.621,0.1,161.02
346,2024-01-19,Indiana Pacers,Portland Trail Blazers,237.5,0,0.683,146,315,233.0,1,0.0,0,No,100,-100.0,29861.47,0.317,0.1,146.41
347,2024-01-19,Atlanta Hawks,Miami Heat,222.0,0,0.657,152,291,217.0,0,0.0,1,No,100,-100.0,29761.47,0.657,0.1,152.21
348,2024-01-19,Denver Nuggets,Boston Celtics,234.0,0,0.772,129,437,202.0,0,0.0,1,No,100,-100.0,29661.47,0.772,0.1,129.6
349,2024-01-19,Phoenix Suns,New Orleans Pelicans,235.5,0,0.643,155,280,232.0,0,0.0,1,No,100,-100.0,29561.47,0.643,0.1,155.51
350,2024-01-20,Memphis Grizzlies,Chicago Bulls,215.5,0,0.601,166,250,221.0,1,0.0,1,Yes,100,166.27,29727.74,0.601,0.1,166.27
351,2024-01-20,Toronto Raptors,New York Knicks,229.5,0,0.679,147,311,226.0,1,0.0,1,Yes,100,147.34,29875.07,0.679,0.1,147.34
352,2024-01-20,Milwaukee Bucks,Detroit Pistons,245.5,0,0.747,133,395,276.0,0,0.0,0,Yes,100,133.81,30008.89,0.253,0.1,133.81
353,2024-01-20,Philadelphia 76ers,Charlotte Hornets,225.5,0,0.705,141,338,186.0,0,0.0,0,Yes,100,141.88,30150.77,0.295,0.1,141.88
354,2024-01-20,Cleveland Cavaliers,Atlanta Hawks,231.5,0,0.623,160,265,211.0,0,0.0,0,Yes,100,160.55,30311.32,0.377,0.1,160.55
355,2024-01-21,Brooklyn Nets,LA Clippers,230.5,0,0.725,137,364,239.0,1,0.0,1,Yes,100,137.87,30449.19,0.725,0.1,137.87
356,2024-01-21,Denver Nuggets,Washington Wizards,238.5,0,0.724,138,361,217.0,0,0.0,0,Yes,100,138.2,30587.39,0.276,0.1,138.2
357,2024-01-21,Boston Celtics,Houston Rockets,226.5,0,0.615,162,259,223.0,0,0.0,0,Yes,100,162.53,30749.92,0.385,0.1,162.53
358,2024-01-21,Indiana Pacers,Phoenix Suns,244.5,0,0.635,157,273,227.0,1,0.0,1,Yes,100,157.54,30907.46,0.635,0.1,157.54
359,2024-01-21,Portland Trail Blazers,Los Angeles Lakers,229.5,0,0.786,127,468,244.0,1,0.0,1,Yes,100,127.17,31034.63,0.786,0.1,127.17
360,2024-01-22,Chicago Bulls,Phoenix Suns,228.5,0,0.636,157,274,228.0,1,0.0,1,Yes,100,157.23,31191.86,0.636,0.1,157.23
361,2024-01-22,Atlanta Hawks,Sacramento Kings,237.5,0,0.623,160,265,229.0,1,0.0,1,Yes,100,160.53,31352.39,0.623,0.1,160.53
362,2024-01-22,Charlotte Hornets,Minnesota Timberwolves,222.5,0,0.822,121,562,253.0,0,0.0,1,No,100,-100.0,31252.39,0.822,0.1,121.62
363,2024-01-22,San Antonio Spurs,Philadelphia 76ers,237.5,0,0.783,127,461,256.0,1,0.0,1,Yes,100,127.65,31380.04,0.783,0.1,127.65
364,2024-01-22,Milwaukee Bucks,Detroit Pistons,248.5,0,0.748,133,397,235.0,0,0.0,0,Yes,100,133.62,31513.65,0.252,0.1,133.62
365,2024-01-22,Memphis Grizzlies,Toronto Raptors,226.5,0,0.624,160,266,208.0,0,0.0,1,No,100,-100.0,31413.65,0.624,0.1,160.18
366,2024-01-23,Utah Jazz,New Orleans Pelicans,238.5,0,0.64,156,277,277.0,1,0.0,1,Yes,100,156.29,31569.94,0.64,0.1,156.29
367,2024-01-23,Portland Trail Blazers,Oklahoma City Thunder,230.5,0,0.812,123,532,220.0,1,0.0,1,Yes,100,123.12,31693.06,0.812,0.1,123.12
368,2024-01-23,Los Angeles Lakers,LA Clippers,236.5,0,0.713,140,348,243.0,1,0.0,1,Yes,100,140.22,31833.28,0.713,0.1,140.22
369,2024-01-24,Atlanta Hawks,Golden State Warriors,235.0,0,0.624,160,265,246.0,1,0.0,1,Yes,100,160.27,31993.55,0.624,0.1,160.27
370,2024-01-24,Oklahoma City Thunder,San Antonio Spurs,241.0,0,0.674,148,307,254.0,0,0.0,0,Yes,100,148.3,32141.85,0.326,0.1,148.3
371,2024-01-24,Portland Trail Blazers,Houston Rockets,220.0,0,0.742,134,387,268.0,0,0.0,1,No,100,-100.0,32041.85,0.742,0.1,134.83
372,2024-01-24,Memphis Grizzlies,Miami Heat,215.0,0,0.689,145,321,201.0,0,0.0,1,No,100,-100.0,31941.85,0.689,0.1,145.23
373,2024-01-24,Minnesota Timberwolves,Washington Wizards,230.5,0,0.747,133,394,225.0,0,0.0,0,Yes,100,133.96,32075.8,0.253,0.1,133.96
374,2024-01-24,Cleveland Cavaliers,Milwaukee Bucks,238.0,0,0.643,155,280,242.0,1,0.0,1,Yes,100,155.46,32231.26,0.643,0.1,155.46
375,2024-01-25,Chicago Bulls,Los Angeles Lakers,231.5,0,0.662,151,295,273.0,1,0.0,1,Yes,100,151.08,32382.34,0.662,0.1,151.08
376,2024-01-25,Utah Jazz,Washington Wizards,248.5,0,0.649,154,284,231.0,0,0.0,0,Yes,100,154.12,32536.46,0.351,0.1,154.12
377,2024-01-26,Houston Rockets,Charlotte Hornets,223.5,0,0.67,149,302,242.0,0,0.0,0,Yes,100,149.31,32685.77,0.33,0.1,149.31
378,2024-01-26,LA Clippers,Toronto Raptors,237.5,0,0.655,152,289,234.0,0,0.0,0,Yes,100,152.65,32838.42,0.345,0.1,152.65
379,2024-01-26,Orlando Magic,Memphis Grizzlies,212.0,0,0.682,146,314,213.0,1,0.0,0,No,100,-100.0,32738.42,0.318,0.1,146.59
380,2024-01-26,Cleveland Cavaliers,Milwaukee Bucks,237.5,0,0.678,147,310,212.0,0,0.0,1,No,100,-100.0,32638.42,0.678,0.1,147.54
381,2024-01-27,Minnesota Timberwolves,San Antonio Spurs,228.5,0,0.686,145,318,225.0,1,0.0,0,No,100,-100.0,32538.42,0.314,0.1,145.76
382,2024-01-27,LA Clippers,Boston Celtics,232.0,0,0.756,132,410,211.0,0,0.0,1,No,100,-100.0,32438.42,0.756,0.1,132.24
383,2024-01-27,New Orleans Pelicans,Milwaukee Bucks,243.5,0,0.666,150,299,258.0,1,0.0,1,Yes,100,150.11,32588.53,0.666,0.1,150.11
384,2024-01-27,Miami Heat,New York Knicks,220.5,0,0.65,153,285,234.0,1,0.0,1,Yes,100,153.94,32742.47,0.65,0.1,153.94
385,2024-01-27,Utah Jazz,Charlotte Hornets,231.5,0,0.67,149,302,256.0,0,0.0,0,Yes,100,149.32,32891.78,0.33,0.1,149.32
386,2024-01-28,Oklahoma City Thunder,Detroit Pistons,237.5,0,0.763,131,421,224.0,1,0.0,0,No,100,-100.0,32791.78,0.237,0.1,131.09
387,2024-01-28,Memphis Grizzlies,Indiana Pacers,228.5,0,0.669,149,301,226.0,1,0.0,1,Yes,100,149.54,32941.32,0.669,0.1,149.54
388,2024-01-28,Chicago Bulls,Portland Trail Blazers,222.0,0,0.696,143,328,200.0,0,0.0,0,Yes,100,143.75,33085.06,0.304,0.1,143.75
389,2024-01-29,Philadelphia 76ers,Portland Trail Blazers,221.0,0,0.777,128,448,234.0,1,0.0,0,No,100,-100.0,32985.06,0.223,0.1,128.7
390,2024-01-29,New Orleans Pelicans,Boston Celtics,234.5,0,0.761,131,417,230.0,1,0.0,1,Yes,100,131.47,33116.53,0.761,0.1,131.47
391,2024-01-29,New York Knicks,Charlotte Hornets,218.5,0,0.712,140,347,205.0,0,0.0,0,Yes,100,140.45,33256.98,0.288,0.1,140.45
392,2024-01-29,Sacramento Kings,Memphis Grizzlies,223.5,0,0.705,141,338,197.0,0,0.0,0,Yes,100,141.89,33398.87,0.295,0.1,141.89
393,2024-01-30,Utah Jazz,New York Knicks,230.0,0,0.725,137,364,221.0,1,0.0,1,Yes,100,137.87,33536.74,0.725,0.1,137.87
394,2024-01-30,Indiana Pacers,Boston Celtics,248.5,0,0.787,127,468,253.0,1,0.0,1,Yes,100,127.14,33663.87,0.787,0.1,127.14
395,2024-01-30,Toronto Raptors,Chicago Bulls,226.0,0,0.603,165,252,225.0,0,0.0,1,No,100,-100.0,33563.87,0.603,0.1,165.7
396,2024-01-31,Milwaukee Bucks,Portland Trail Blazers,238.0,0,0.734,136,376,235.0,1,0.0,0,No,100,-100.0,33463.87,0.266,0.1,136.15
397,2024-01-31,Phoenix Suns,Brooklyn Nets,232.5,0,0.624,160,266,256.0,0,0.0,0,Yes,100,160.13,33624.0,0.376,0.1,160.13
398,2024-01-31,Denver Nuggets,Oklahoma City Thunder,223.0,0,0.657,152,291,205.0,1,0.0,1,Yes,100,152.14,33776.15,0.657,0.1,152.14
399,2024-01-31,Dallas Mavericks,Minnesota Timberwolves,221.5,0,0.693,144,325,208.0,1,0.0,1,Yes,100,144.28,33920.42,0.693,0.1,144.28
400,2024-01-31,Detroit Pistons,Cleveland Cavaliers,231.0,0,0.84,119,624,249.0,1,0.0,1,Yes,100,119.05,34039.48,0.84,0.1,119.05
401,2024-01-31,LA Clippers,Washington Wizards,236.5,0,0.754,132,406,234.0,0,0.0,0,Yes,100,132.65,34172.13,0.246,0.1,132.65
402,2024-01-31,Chicago Bulls,Charlotte Hornets,215.5,0,0.625,160,266,227.0,0,0.0,0,Yes,100,160.12,34332.24,0.375,0.1,160.12
403,2024-01-31,Orlando Magic,San Antonio Spurs,225.5,0,0.639,156,276,206.0,0,0.0,0,Yes,100,156.57,34488.81,0.361,0.1,156.57
404,2024-02-01,Cleveland Cavaliers,Memphis Grizzlies,216.5,0,0.668,149,300,209.0,0,0.0,0,Yes,100,149.77,34638.58,0.332,0.1,149.77
405,2024-02-01,Indiana Pacers,New York Knicks,235.0,0,0.66,151,294,214.0,1,0.0,1,Yes,100,151.44,34790.02,0.66,0.1,151.44
406,2024-02-01,Los Angeles Lakers,Boston Celtics,238.5,0,0.807,123,519,219.0,0,0.0,1,No,100,-100.0,34690.02,0.807,0.1,123.84
407,2024-02-02,Portland Trail Blazers,Denver Nuggets,219.5,0,0.8,125,499,228.0,1,0.0,1,Yes,100,125.01,34815.03,0.8,0.1,125.01
408,2024-02-02,LA Clippers,Detroit Pistons,239.5,0,0.769,130,432,261.0,0,0.0,0,Yes,100,130.08,34945.11,0.231,0.1,130.08
409,2024-02-02,Miami Heat,Washington Wizards,226.5,0,0.681,146,313,212.0,0,0.0,0,Yes,100,146.91,35092.03,0.319,0.1,146.91
410,2024-02-02,Phoenix Suns,Atlanta Hawks,249.5,0,0.664,150,297,249.0,1,0.0,0,No,100,-100.0,34992.03,0.336,0.1,150.59
411,2024-02-02,Orlando Magic,Minnesota Timberwolves,213.0,0,0.732,136,372,214.0,0,0.0,1,No,100,-100.0,34892.03,0.732,0.1,136.64
412,2024-02-02,New Orleans Pelicans,San Antonio Spurs,235.0,0,0.668,149,301,227.0,0,0.0,0,Yes,100,149.65,35041.67,0.332,0.1,149.65
413,2024-02-02,Toronto Raptors,Houston Rockets,232.0,0,0.679,147,311,241.0,1,0.0,1,Yes,100,147.37,35189.05,0.679,0.1,147.37
414,2024-02-02,Golden State Warriors,Memphis Grizzlies,225.0,0,0.668,149,301,222.0,0,0.0,0,Yes,100,149.65,35338.69,0.332,0.1,149.65
415,2024-02-02,Charlotte Hornets,Oklahoma City Thunder,224.5,0,0.8,124,501,232.0,1,0.0,1,Yes,100,124.93,35463.62,0.8,0.1,124.93
416,2024-02-03,Milwaukee Bucks,Dallas Mavericks,249.5,0,0.613,163,258,246.0,0,0.0,0,Yes,100,163.09,35626.72,0.387,0.1,163.09
417,2024-02-03,Cleveland Cavaliers,San Antonio Spurs,230.5,0,0.672,148,304,218.0,0,0.0,0,Yes,100,148.9,35775.62,0.328,0.1,148.9
418,2024-02-03,Los Angeles Lakers,New York Knicks,228.5,0,0.67,149,302,218.0,0,0.0,1,No,100,-100.0,35675.62,0.67,0.1,149.27
419,2024-02-03,Brooklyn Nets,Philadelphia 76ers,233.5,0,0.734,136,376,257.0,0,0.0,1,No,100,-100.0,35575.62,0.734,0.1,136.19
420,2024-02-04,Portland Trail Blazers,Denver Nuggets,220.5,0,0.812,123,531,215.0,1,0.0,1,Yes,100,123.15,35698.77,0.812,0.1,123.15
421,2024-02-04,Toronto Raptors,Oklahoma City Thunder,235.5,0,0.775,129,444,262.0,1,0.0,1,Yes,100,129.06,35827.82,0.775,0.1,129.06
422,2024-02-04,Houston Rockets,Minnesota Timberwolves,220.5,0,0.745,134,392,201.0,1,0.0,1,Yes,100,134.23,35962.05,0.745,0.1,134.23
423,2024-02-04,Orlando Magic,Detroit Pistons,230.5,0,0.716,139,351,210.0,0,0.0,0,Yes,100,139.76,36101.81,0.284,0.1,139.76
424,2024-02-04,Indiana Pacers,Charlotte Hornets,237.0,0,0.674,148,306,214.0,0,0.0,0,Yes,100,148.32,36250.13,0.326,0.1,148.32
425,2024-02-04,Memphis Grizzlies,Boston Celtics,219.5,0,0.841,118,628,222.0,1,0.0,1,Yes,100,118.94,36369.06,0.841,0.1,118.94
426,2024-02-04,Phoenix Suns,Washington Wizards,240.0,0,0.74,135,384,252.0,0,0.0,0,Yes,100,135.2,36504.26,0.26,0.1,135.2
427,2024-02-05,Dallas Mavericks,Philadelphia 76ers,242.5,0,0.669,149,301,220.0,0,0.0,1,No,100,-100.0,36404.26,0.669,0.1,149.51
428,2024-02-05,Los Angeles Lakers,Charlotte Hornets,228.5,0,0.736,135,378,242.0,0,0.0,0,Yes,100,135.92,36540.18,0.264,0.1,135.92
429,2024-02-05,Sacramento Kings,Cleveland Cavaliers,235.0,0,0.636,157,274,246.0,1,0.0,1,Yes,100,157.36,36697.54,0.636,0.1,157.36
430,2024-02-05,LA Clippers,Atlanta Hawks,246.5,0,0.63,158,270,293.0,0,0.0,0,Yes,100,158.73,36856.26,0.37,0.1,158.73
431,2024-02-05,Toronto Raptors,New Orleans Pelicans,232.0,0,0.752,132,403,238.0,1,0.0,1,Yes,100,132.97,36989.23,0.752,0.1,132.97
432,2024-02-06,Minnesota Timberwolves,Chicago Bulls,216.0,0,0.615,162,259,252.0,1,0.0,0,No,100,-100.0,36889.23,0.385,0.1,162.72
433,2024-02-06,Memphis Grizzlies,New York Knicks,212.5,0,0.744,134,390,236.0,1,0.0,1,Yes,100,134.38,37023.61,0.744,0.1,134.38
434,2024-02-06,Houston Rockets,Indiana Pacers,243.5,0,0.612,163,257,261.0,1,0.0,1,Yes,100,163.52,37187.13,0.612,0.1,163.52
435,2024-02-07,Cleveland Cavaliers,Washington Wizards,234.5,0,0.733,136,373,220.0,0,0.0,0,Yes,100,136.5,37323.64,0.267,0.1,136.5
436,2024-02-07,Atlanta Hawks,Boston Celtics,240.5,0,0.805,124,512,242.0,1,0.0,1,Yes,100,124.25,37447.88,0.805,0.1,124.25
437,2024-02-07,San Antonio Spurs,Miami Heat,228.0,0,0.77,129,435,220.0,1,0.0,1,Yes,100,129.81,37577.69,0.77,0.1,129.81
438,2024-02-07,Golden State Warriors,Philadelphia 76ers,235.5,0,0.665,150,298,231.0,0,0.0,1,No,100,-100.0,37477.69,0.665,0.1,150.27
439,2024-02-07,New Orleans Pelicans,LA Clippers,234.5,0,0.667,149,300,223.0,0,0.0,1,No,100,-100.0,37377.69,0.667,0.1,149.97
440,2024-02-07,Detroit Pistons,Sacramento Kings,239.0,0,0.753,132,405,253.0,0,0.0,1,No,100,-100.0,37277.69,0.753,0.1,132.72
441,2024-02-08,Utah Jazz,Phoenix Suns,238.5,0,0.656,152,290,244.0,1,0.0,1,Yes,100,152.39,37430.08,0.656,0.1,152.39
442,2024-02-08,Chicago Bulls,Memphis Grizzlies,216.5,0,0.658,152,292,228.0,0,0.0,0,Yes,100,152.01,37582.09,0.342,0.1,152.01
443,2024-02-08,Dallas Mavericks,New York Knicks,225.5,0,0.66,151,293,230.0,0,0.0,1,No,100,-100.0,37482.09,0.66,0.1,151.59
444,2024-02-08,Golden State Warriors,Indiana Pacers,249.0,0,0.645,154,282,240.0,0,0.0,1,No,100,-100.0,37382.09,0.645,0.1,154.93
445,2024-02-08,San Antonio Spurs,Orlando Magic,224.5,0,0.791,126,478,238.0,1,0.0,1,Yes,100,126.44,37508.53,0.791,0.1,126.44
446,2024-02-09,Atlanta Hawks,Philadelphia 76ers,244.5,0,0.704,142,337,248.0,0,0.0,1,No,100,-100.0,37408.53,0.704,0.1,142.06
447,2024-02-09,Washington Wizards,Boston Celtics,236.5,0,0.889,112,902,262.0,1,0.0,1,Yes,100,112.46,37521.0,0.889,0.1,112.46
448,2024-02-09,Charlotte Hornets,Milwaukee Bucks,229.5,0,0.803,124,507,204.0,1,0.0,1,Yes,100,124.52,37645.52,0.803,0.1,124.52
449,2024-02-10,New Orleans Pelicans,Portland Trail Blazers,219.0,0,0.72,138,356,177.0,0,0.0,0,Yes,100,138.92,37784.43,0.28,0.1,138.92
450,2024-02-10,Cleveland Cavaliers,Toronto Raptors,230.5,0,0.696,143,328,214.0,0,0.0,0,Yes,100,143.67,37928.11,0.304,0.1,143.67
451,2024-02-10,Indiana Pacers,New York Knicks,237.5,0,0.697,143,330,236.0,0,0.0,1,No,100,-100.0,37828.11,0.697,0.1,143.42
452,2024-02-10,Philadelphia 76ers,Washington Wizards,243.5,0,0.707,141,340,232.0,0,0.0,0,Yes,100,141.51,37969.62,0.293,0.1,141.51
453,2024-02-10,San Antonio Spurs,Brooklyn Nets,232.0,0,0.648,154,283,226.0,1,0.0,1,Yes,100,154.38,38124.0,0.648,0.1,154.38
454,2024-02-10,Detroit Pistons,LA Clippers,233.5,0,0.852,117,674,218.0,1,0.0,1,Yes,100,117.41,38241.41,0.852,0.1,117.41
455,2024-02-11,Sacramento Kings,Oklahoma City Thunder,240.5,0,0.622,160,264,240.0,1,0.0,1,Yes,100,160.74,38402.14,0.622,0.1,160.74
456,2024-02-12,Denver Nuggets,Milwaukee Bucks,230.0,0,0.607,164,254,207.0,1,0.0,1,Yes,100,164.74,38566.88,0.607,0.1,164.74
457,2024-02-12,Washington Wizards,Dallas Mavericks,247.5,0,0.811,123,530,216.0,1,0.0,1,Yes,100,123.23,38690.11,0.811,0.1,123.23
458,2024-02-12,San Antonio Spurs,Toronto Raptors,235.5,0,0.676,147,308,221.0,0,0.0,1,No,100,-100.0,38590.11,0.676,0.1,147.86
459,2024-02-12,Indiana Pacers,Charlotte Hornets,239.5,0,0.719,138,356,213.0,1,0.0,0,No,100,-100.0,38490.11,0.281,0.1,138.99
460,2024-02-12,Philadelphia 76ers,Cleveland Cavaliers,228.5,0,0.645,155,281,244.0,0,0.0,1,No,100,-100.0,38390.11,0.645,0.1,155.02
461,2024-02-12,New Orleans Pelicans,Memphis Grizzlies,223.5,0,0.738,135,382,183.0,0,0.0,0,Yes,100,135.42,38525.54,0.262,0.1,135.42
462,2024-02-13,Minnesota Timberwolves,Portland Trail Blazers,213.5,0,0.739,135,382,230.0,0,0.0,0,Yes,100,135.34,38660.87,0.261,0.1,135.34
463,2024-02-13,Detroit Pistons,Los Angeles Lakers,243.5,0,0.825,121,572,236.0,1,0.0,1,Yes,100,121.17,38782.04,0.825,0.1,121.17
464,2024-02-13,Miami Heat,Milwaukee Bucks,224.0,0,0.686,145,317,220.0,0,0.0,1,No,100,-100.0,38682.04,0.686,0.1,145.87
465,2024-02-13,Boston Celtics,Brooklyn Nets,227.0,0,0.637,156,275,228.0,0,0.0,0,Yes,100,156.88,38838.92,0.363,0.1,156.88
466,2024-02-13,Oklahoma City Thunder,Orlando Magic,222.5,0,0.622,160,264,240.0,0,0.0,0,Yes,100,160.77,38999.69,0.378,0.1,160.77
467,2024-02-14,Sacramento Kings,Denver Nuggets,229.0,0,0.644,155,281,200.0,0,0.0,1,No,100,-100.0,38899.69,0.644,0.1,155.2
468,2024-02-14,Detroit Pistons,Phoenix Suns,238.0,0,0.835,119,606,216.0,1,0.0,1,Yes,100,119.73,39019.42,0.835,0.1,119.73
469,2024-02-14,San Antonio Spurs,Dallas Mavericks,242.5,0,0.762,131,419,209.0,1,0.0,1,Yes,100,131.32,39150.74,0.762,0.1,131.32
470,2024-02-14,Washington Wizards,New Orleans Pelicans,231.5,0,0.844,118,642,259.0,1,0.0,1,Yes,100,118.44,39269.18,0.844,0.1,118.44
471,2024-02-14,Houston Rockets,Memphis Grizzlies,220.5,0,0.7,142,333,234.0,1,0.0,0,No,100,-100.0,39169.18,0.3,0.1,142.78
472,2024-02-14,Indiana Pacers,Toronto Raptors,246.5,0,0.606,164,253,252.0,0,0.0,0,Yes,100,164.96,39334.14,0.394,0.1,164.96
473,2024-02-14,Brooklyn Nets,Boston Celtics,225.5,0,0.879,113,826,222.0,1,0.0,1,Yes,100,113.76,39447.89,0.879,0.1,113.76
474,2024-02-14,Atlanta Hawks,Charlotte Hornets,234.5,0,0.671,148,304,221.0,1,0.0,0,No,100,-100.0,39347.89,0.329,0.1,148.94
475,2024-02-14,Miami Heat,Philadelphia 76ers,226.5,0,0.68,147,312,213.0,0,0.0,1,No,100,-100.0,39247.89,0.68,0.1,147.07
476,2024-02-14,Chicago Bulls,Cleveland Cavaliers,223.0,0,0.716,139,351,213.0,1,0.0,1,Yes,100,139.73,39387.62,0.716,0.1,139.73
477,2024-02-29,Miami Heat,Denver Nuggets,214.5,0,0.634,157,273,200.0,1,0.0,1,Yes,100,157.61,39545.23,0.634,0.1,157.61
478,2024-02-29,Washington Wizards,Los Angeles Lakers,243.5,0,0.821,121,559,265.0,1,0.0,1,Yes,100,121.76,39666.99,0.821,0.1,121.76
479,2024-02-29,Oklahoma City Thunder,San Antonio Spurs,238.5,0,0.696,143,328,250.0,1,0.0,0,No,100,-100.0,39566.99,0.304,0.1,143.72
480,2024-02-29,Houston Rockets,Phoenix Suns,229.5,0,0.695,143,328,215.0,1,0.0,1,Yes,100,143.83,39710.82,0.695,0.1,143.83
481,2024-02-29,Golden State Warriors,New York Knicks,223.0,0,0.602,166,251,209.0,0,0.0,1,No,100,-100.0,39610.82,0.602,0.1,166.19
482,2024-02-29,Utah Jazz,Orlando Magic,226.0,0,0.651,153,286,222.0,1,0.0,1,Yes,100,153.66,39764.49,0.651,0.1,153.66
483,2024-02-29,Milwaukee Bucks,Charlotte Hornets,219.0,0,0.765,130,426,210.0,0,0.0,0,Yes,100,130.64,39895.12,0.235,0.1,130.64
484,2024-03-01,Cleveland Cavaliers,Detroit Pistons,218.5,0,0.746,134,393,210.0,0,0.0,0,Yes,100,134.02,40029.14,0.254,0.1,134.02
485,2024-03-01,Charlotte Hornets,Philadelphia 76ers,214.5,0,0.815,122,540,235.0,1,0.0,1,Yes,100,122.71,40151.85,0.815,0.1,122.71
486,2024-03-01,Dallas Mavericks,Boston Celtics,237.5,0,0.74,135,385,248.0,1,0.0,1,Yes,100,135.08,40286.94,0.74,0.1,135.08
487,2024-03-01,Indiana Pacers,New Orleans Pelicans,241.5,0,0.673,148,306,231.0,1,0.0,1,Yes,100,148.48,40435.42,0.673,0.1,148.48
488,2024-03-01,Sacramento Kings,Minnesota Timberwolves,223.5,0,0.663,150,296,244.0,0,0.0,1,No,100,-100.0,40335.42,0.663,0.1,150.84
489,2024-03-01,Washington Wizards,LA Clippers,239.5,0,0.858,116,701,255.0,1,0.0,1,Yes,100,116.62,40452.03,0.858,0.1,116.62
490,2024-03-02,Houston Rockets,Phoenix Suns,230.5,0,0.688,145,320,227.0,0,0.0,1,No,100,-100.0,40352.03,0.688,0.1,145.45
491,2024-03-02,Utah Jazz,Miami Heat,223.5,0,0.675,148,308,246.0,1,0.0,1,Yes,100,148.07,40500.11,0.675,0.1,148.07
492,2024-03-03,Indiana Pacers,San Antonio Spurs,238.5,0,0.635,157,273,222.0,1,0.0,0,No,100,-100.0,40400.11,0.365,0.1,157.6
493,2024-03-03,New York Knicks,Cleveland Cavaliers,208.5,0,0.666,150,299,205.0,0,0.0,1,No,100,-100.0,40300.11,0.666,0.1,150.24
494,2024-03-03,Charlotte Hornets,Toronto Raptors,223.5,0,0.673,148,306,217.0,1,0.0,1,Yes,100,148.53,40448.63,0.673,0.1,148.53
495,2024-03-03,LA Clippers,Minnesota Timberwolves,219.5,0,0.607,164,254,177.0,0,0.0,1,No,100,-100.0,40348.63,0.607,0.1,164.84
496,2024-03-03,Golden State Warriors,Boston Celtics,231.0,0,0.798,125,495,228.0,1,0.0,1,Yes,100,125.26,40473.89,0.798,0.1,125.26
497,2024-03-03,Detroit Pistons,Orlando Magic,215.5,0,0.821,121,557,204.0,1,0.0,1,Yes,100,121.84,40595.74,0.821,0.1,121.84
498,2024-03-04,Memphis Grizzlies,Brooklyn Nets,206.0,0,0.644,155,280,208.0,0,0.0,1,No,100,-100.0,40495.74,0.644,0.1,155.27
499,2024-03-04,Portland Trail Blazers,Minnesota Timberwolves,210.5,0,0.854,117,685,233.0,1,0.0,1,Yes,100,117.09,40612.83,0.854,0.1,117.09
500,2024-03-04,LA Clippers,Milwaukee Bucks,222.5,0,0.639,156,277,219.0,1,0.0,1,Yes,100,156.48,40769.31,0.639,0.1,156.48
501,2024-03-04,Washington Wizards,Utah Jazz,240.5,0,0.713,140,348,242.0,1,0.0,1,Yes,100,140.25,40909.56,0.713,0.1,140.25
502,2024-03-05,San Antonio Spurs,Houston Rockets,226.5,0,0.702,142,335,215.0,1,0.0,1,Yes,100,142.52,41052.08,0.702,0.1,142.52
503,2024-03-05,Detroit Pistons,Miami Heat,217.0,0,0.799,125,498,228.0,1,0.0,1,Yes,100,125.09,41177.17,0.799,0.1,125.09
504,2024-03-05,Philadelphia 76ers,Brooklyn Nets,211.5,0,0.61,163,256,219.0,1,0.0,0,No,100,-100.0,41077.17,0.39,0.1,163.91
505,2024-03-05,New Orleans Pelicans,Toronto Raptors,230.5,0,0.696,143,328,237.0,0,0.0,0,Yes,100,143.73,41220.9,0.304,0.1,143.73
506,2024-03-05,Orlando Magic,Charlotte Hornets,208.0,0,0.744,134,390,190.0,0,0.0,0,Yes,100,134.45,41355.35,0.256,0.1,134.45
507,2024-03-05,Atlanta Hawks,New York Knicks,213.5,0,0.655,152,289,216.0,0,0.0,1,No,100,-100.0,41255.35,0.655,0.1,152.66
508,2024-03-06,Orlando Magic,Washington Wizards,222.5,0,0.673,148,305,228.0,0,0.0,0,Yes,100,148.63,41403.97,0.327,0.1,148.63
509,2024-03-06,Memphis Grizzlies,Philadelphia 76ers,214.0,0,0.761,131,418,224.0,0,0.0,1,No,100,-100.0,41303.97,0.761,0.1,131.35
510,2024-03-06,LA Clippers,Houston Rockets,222.5,0,0.642,155,279,238.0,0,0.0,0,Yes,100,155.79,41459.76,0.358,0.1,155.79
511,2024-03-06,Oklahoma City Thunder,Portland Trail Blazers,224.5,0,0.778,128,449,248.0,0,0.0,0,Yes,100,128.59,41588.35,0.222,0.1,128.59
512,2024-03-07,Chicago Bulls,Golden State Warriors,223.5,0,0.645,155,281,247.0,0,0.0,1,No,100,-100.0,41488.35,0.645,0.1,155.1
513,2024-03-07,San Antonio Spurs,Sacramento Kings,234.5,0,0.74,135,384,260.0,1,0.0,1,Yes,100,135.1,41623.45,0.74,0.1,135.1
514,2024-03-07,Toronto Raptors,Phoenix Suns,236.0,0,0.762,131,420,233.0,1,0.0,1,Yes,100,131.19,41754.64,0.762,0.1,131.19
515,2024-03-07,Brooklyn Nets,Detroit Pistons,216.0,0,0.626,159,267,230.0,1,0.0,0,No,100,-100.0,41654.64,0.374,0.1,159.81
516,2024-03-08,Atlanta Hawks,Memphis Grizzlies,215.0,0,0.667,149,300,191.0,0,0.0,0,Yes,100,149.93,41804.57,0.333,0.1,149.93
517,2024-03-08,Miami Heat,Oklahoma City Thunder,226.0,0,0.764,130,423,207.0,1,0.0,1,Yes,100,130.94,41935.52,0.764,0.1,130.94
518,2024-03-08,Houston Rockets,Portland Trail Blazers,222.5,0,0.713,140,348,230.0,0,0.0,0,Yes,100,140.23,42075.75,0.287,0.1,140.23
519,2024-03-09,Chicago Bulls,LA Clippers,219.5,0,0.723,138,361,214.0,1,0.0,1,Yes,100,138.29,42214.04,0.723,0.1,138.29
520,2024-03-09,Brooklyn Nets,Charlotte Hornets,207.5,0,0.649,153,285,209.0,1,0.0,0,No,100,-100.0,42114.04,0.351,0.1,153.99
521,2024-03-09,Dallas Mavericks,Detroit Pistons,238.0,0,0.718,139,354,266.0,0,0.0,0,Yes,100,139.28,42253.32,0.282,0.1,139.28
522,2024-03-09,San Antonio Spurs,Golden State Warriors,225.5,0,0.795,125,488,239.0,0,0.0,1,No,100,-100.0,42153.32,0.795,0.1,125.73
523,2024-03-09,Utah Jazz,Denver Nuggets,227.0,0,0.721,138,358,263.0,1,0.0,1,Yes,100,138.73,42292.05,0.721,0.1,138.73
524,2024-03-09,Toronto Raptors,Portland Trail Blazers,228.5,0,0.65,153,285,246.0,1,0.0,0,No,100,-100.0,42192.05,0.35,0.1,153.95
525,2024-03-10,Memphis Grizzlies,Oklahoma City Thunder,219.5,0,0.818,122,548,217.0,1,0.0,1,Yes,100,122.28,42314.33,0.818,0.1,122.28
526,2024-03-10,Washington Wizards,Miami Heat,226.5,0,0.8,125,498,218.0,0,0.0,1,No,100,-100.0,42214.33,0.8,0.1,125.08
527,2024-03-10,Brooklyn Nets,Cleveland Cavaliers,208.5,0,0.809,123,523,221.0,0,0.0,1,No,100,-100.0,42114.33,0.809,0.1,123.6
528,2024-03-10,Milwaukee Bucks,LA Clippers,221.0,0,0.636,157,274,241.0,0,0.0,1,No,100,-100.0,42014.33,0.636,0.1,157.2
529,2024-03-10,Indiana Pacers,Orlando Magic,222.5,0,0.628,159,268,208.0,0,0.0,1,No,100,-100.0,41914.33,0.628,0.1,159.29
530,2024-03-11,Phoenix Suns,Cleveland Cavaliers,221.0,0,0.63,158,270,228.0,0,0.0,1,No,100,-100.0,41814.33,0.63,0.1,158.62
531,2024-03-11,Golden State Warriors,San Antonio Spurs,226.0,0,0.661,151,294,214.0,0,0.0,0,Yes,100,151.31,41965.63,0.339,0.1,151.31
532,2024-03-11,Toronto Raptors,Denver Nuggets,233.0,0,0.806,124,514,244.0,1,0.0,1,Yes,100,124.13,42089.77,0.806,0.1,124.13
533,2024-03-11,Boston Celtics,Portland Trail Blazers,223.5,0,0.769,129,433,220.0,0,0.0,0,Yes,100,129.96,42219.73,0.231,0.1,129.96
534,2024-03-12,Boston Celtics,Utah Jazz,230.0,0,0.61,163,256,230.0,0,0.0,0,Yes,100,163.84,42383.57,0.39,0.1,163.84
535,2024-03-12,Indiana Pacers,Oklahoma City Thunder,240.5,0,0.746,134,393,232.0,0,0.0,1,No,100,-100.0,42283.57,0.746,0.1,134.01
536,2024-03-12,Houston Rockets,San Antonio Spurs,221.0,0,0.664,150,297,204.0,0,0.0,0,Yes,100,150.68,42434.25,0.336,0.1,150.68
537,2024-03-13,Atlanta Hawks,Portland Trail Blazers,215.5,0,0.71,140,344,208.0,1,0.0,0,No,100,-100.0,42334.25,0.29,0.1,140.82
538,2024-03-13,Brooklyn Nets,Orlando Magic,202.5,0,0.665,150,298,220.0,1,0.0,1,Yes,100,150.47,42484.72,0.665,0.1,150.47
539,2024-03-13,Chicago Bulls,Indiana Pacers,228.5,0,0.634,157,273,261.0,0,0.0,1,No,100,-100.0,42384.72,0.634,0.1,157.7
540,2024-03-14,Phoenix Suns,Boston Celtics,227.0,0,0.747,133,395,239.0,1,0.0,1,Yes,100,133.83,42518.54,0.747,0.1,133.83
541,2024-03-14,Philadelphia 76ers,Milwaukee Bucks,219.0,0,0.703,142,337,219.0,1,0.0,1,Yes,100,142.19,42660.73,0.703,0.1,142.19
542,2024-03-14,Washington Wizards,Houston Rockets,230.5,0,0.759,131,415,254.0,1,0.0,1,Yes,100,131.74,42792.47,0.759,0.1,131.74
543,2024-03-14,New York Knicks,Portland Trail Blazers,205.5,0,0.763,131,421,198.0,0,0.0,0,Yes,100,131.13,42923.6,0.237,0.1,131.13
544,2024-03-14,Dallas Mavericks,Oklahoma City Thunder,233.5,0,0.729,137,368,245.0,1,0.0,1,Yes,100,137.23,43060.83,0.729,0.1,137.23
545,2024-03-15,LA Clippers,New Orleans Pelicans,218.5,0,0.608,164,254,216.0,1,0.0,1,Yes,100,164.6,43225.43,0.608,0.1,164.6
546,2024-03-15,Denver Nuggets,San Antonio Spurs,224.5,0,0.711,140,345,223.0,0,0.0,0,Yes,100,140.74,43366.17,0.289,0.1,140.74
547,2024-03-15,Phoenix Suns,Charlotte Hornets,220.5,0,0.719,139,355,203.0,0,0.0,0,Yes,100,139.11,43505.27,0.281,0.1,139.11
548,2024-03-15,Miami Heat,Detroit Pistons,216.5,0,0.723,138,360,203.0,0,0.0,0,Yes,100,138.4,43643.68,0.277,0.1,138.4
549,2024-03-15,Orlando Magic,Toronto Raptors,222.5,0,0.681,146,313,216.0,0,0.0,0,Yes,100,146.82,43790.49,0.319,0.1,146.82
550,2024-03-16,Minnesota Timberwolves,Utah Jazz,222.5,0,0.659,151,292,219.0,0,0.0,0,Yes,100,151.84,43942.33,0.341,0.1,151.84
551,2024-03-16,Washington Wizards,Chicago Bulls,223.5,0,0.793,126,482,225.0,1,0.0,1,Yes,100,126.15,44068.49,0.793,0.1,126.15
552,2024-03-16,Portland Trail Blazers,New Orleans Pelicans,215.5,0,0.829,120,583,233.0,1,0.0,1,Yes,100,120.69,44189.18,0.829,0.1,120.69
553,2024-03-16,Charlotte Hornets,Philadelphia 76ers,209.0,0,0.814,122,537,207.0,1,0.0,1,Yes,100,122.85,44312.03,0.814,0.1,122.85
554,2024-03-16,Brooklyn Nets,Indiana Pacers,229.5,0,0.731,136,371,221.0,1,0.0,1,Yes,100,136.83,44448.86,0.731,0.1,136.83
555,2024-03-16,Oklahoma City Thunder,Memphis Grizzlies,216.5,0,0.756,132,410,230.0,0,0.0,0,Yes,100,132.23,44581.1,0.244,0.1,132.23
556,2024-03-17,Phoenix Suns,Milwaukee Bucks,227.0,0,0.647,154,283,269.0,1,0.0,1,Yes,100,154.58,44735.68,0.647,0.1,154.58
557,2024-03-17,Miami Heat,Detroit Pistons,214.0,0,0.73,136,370,205.0,0,0.0,0,Yes,100,136.99,44872.67,0.27,0.1,136.99
558,2024-03-17,Boston Celtics,Washington Wizards,224.5,0,0.75,133,400,234.0,0,0.0,0,Yes,100,133.33,45005.99,0.25,0.1,133.33
559,2024-03-17,Toronto Raptors,Orlando Magic,219.5,0,0.754,132,406,207.0,1,0.0,1,Yes,100,132.58,45138.58,0.754,0.1,132.58
560,2024-03-17,Atlanta Hawks,LA Clippers,221.0,0,0.779,128,452,203.0,0,0.0,1,No,100,-100.0,45038.58,0.779,0.1,128.38
561,2024-03-18,Atlanta Hawks,Los Angeles Lakers,226.5,0,0.698,143,331,241.0,1,0.0,1,Yes,100,143.28,45181.86,0.698,0.1,143.28
562,2024-03-18,Memphis Grizzlies,Sacramento Kings,220.5,0,0.744,134,390,232.0,1,0.0,1,Yes,100,134.46,45316.32,0.744,0.1,134.46
563,2024-03-18,Minnesota Timberwolves,Utah Jazz,225.5,0,0.67,149,302,218.0,0,0.0,0,Yes,100,149.35,45465.67,0.33,0.1,149.35
564,2024-03-18,Miami Heat,Philadelphia 76ers,205.5,0,0.611,163,257,189.0,1,0.0,1,Yes,100,163.65,45629.32,0.611,0.1,163.65
565,2024-03-18,Detroit Pistons,Boston Celtics,221.0,0,0.865,115,738,213.0,1,0.0,1,Yes,100,115.67,45744.99,0.865,0.1,115.67
566,2024-03-18,Portland Trail Blazers,Chicago Bulls,213.5,0,0.782,127,459,217.0,1,0.0,1,Yes,100,127.83,45872.81,0.782,0.1,127.83
567,2024-03-19,Charlotte Hornets,Orlando Magic,204.0,0,0.808,123,521,204.0,1,0.0,1,Yes,100,123.73,45996.55,0.808,0.1,123.73
568,2024-03-19,Houston Rockets,Washington Wizards,227.0,0,0.706,141,340,251.0,0,0.0,0,Yes,100,141.57,46138.12,0.294,0.1,141.57
569,2024-03-19,New Orleans Pelicans,Brooklyn Nets,216.0,0,0.663,150,296,195.0,0,0.0,0,Yes,100,150.89,46289.01,0.337,0.1,150.89
570,2024-03-19,Dallas Mavericks,San Antonio Spurs,236.5,0,0.701,142,334,220.0,0,0.0,0,Yes,100,142.69,46431.7,0.299,0.1,142.69
571,2024-03-19,Denver Nuggets,Minnesota Timberwolves,216.0,0,0.628,159,269,227.0,0,0.0,1,No,100,-100.0,46331.7,0.628,0.1,159.14
572,2024-03-20,Philadelphia 76ers,Phoenix Suns,222.5,0,0.636,157,275,217.0,1,0.0,1,Yes,100,157.13,46488.82,0.636,0.1,157.13
573,2024-03-20,LA Clippers,Portland Trail Blazers,216.0,0,0.78,128,454,219.0,0,0.0,0,Yes,100,128.18,46617.01,0.22,0.1,128.18
574,2024-03-20,Utah Jazz,Oklahoma City Thunder,232.5,0,0.73,137,370,226.0,1,0.0,1,Yes,100,137.03,46754.03,0.73,0.1,137.03
575,2024-03-20,Memphis Grizzlies,Golden State Warriors,220.0,0,0.793,126,483,253.0,1,0.0,1,Yes,100,126.06,46880.09,0.793,0.1,126.06
576,2024-03-20,Sacramento Kings,Toronto Raptors,234.0,0,0.689,145,321,212.0,0,0.0,0,Yes,100,145.12,47025.21,0.311,0.1,145.12
577,2024-03-20,Miami Heat,Cleveland Cavaliers,208.0,0,0.715,139,350,211.0,0,0.0,1,No,100,-100.0,46925.21,0.715,0.1,139.94
578,2024-03-20,Indiana Pacers,Detroit Pistons,235.0,0,0.683,146,315,225.0,0,0.0,0,Yes,100,146.33,47071.55,0.317,0.1,146.33
579,2024-03-20,Milwaukee Bucks,Boston Celtics,226.0,0,0.605,165,253,241.0,1,0.0,1,Yes,100,165.23,47236.78,0.605,0.1,165.23
580,2024-03-21,Atlanta Hawks,Phoenix Suns,227.0,0,0.726,137,364,243.0,1,0.0,1,Yes,100,137.75,47374.53,0.726,0.1,137.75
581,2024-03-21,New York Knicks,Denver Nuggets,208.5,0,0.657,152,291,213.0,1,0.0,1,Yes,100,152.11,47526.64,0.657,0.1,152.11
582,2024-03-21,Utah Jazz,Dallas Mavericks,236.5,0,0.706,141,339,210.0,1,0.0,1,Yes,100,141.73,47668.37,0.706,0.1,141.73
583,2024-03-21,Sacramento Kings,Washington Wizards,238.5,0,0.682,146,314,211.0,1,0.0,0,No,100,-100.0,47568.37,0.318,0.1,146.67
584,2024-03-21,Brooklyn Nets,Milwaukee Bucks,222.0,0,0.793,126,482,223.0,1,0.0,1,Yes,100,126.11,47694.48,0.793,0.1,126.11
585,2024-03-22,Boston Celtics,Detroit Pistons,224.5,0,0.734,136,375,231.0,0,0.0,0,Yes,100,136.29,47830.77,0.266,0.1,136.29
586,2024-03-22,Oklahoma City Thunder,Toronto Raptors,229.5,0,0.718,139,354,226.0,0,0.0,0,Yes,100,139.33,47970.1,0.282,0.1,139.33
587,2024-03-22,Cleveland Cavaliers,Minnesota Timberwolves,206.5,0,0.639,156,276,195.0,1,0.0,1,Yes,100,156.61,48126.71,0.639,0.1,156.61
588,2024-03-22,LA Clippers,Portland Trail Blazers,216.0,0,0.788,126,471,242.0,0,0.0,0,Yes,100,126.9,48253.61,0.212,0.1,126.9
589,2024-03-22,Indiana Pacers,Golden State Warriors,243.0,0,0.632,158,271,234.0,0,0.0,1,No,100,-100.0,48153.61,0.632,0.1,158.26
590,2024-03-23,Denver Nuggets,Portland Trail Blazers,209.0,0,0.784,127,462,225.0,0,0.0,0,Yes,100,127.6,48281.22,0.216,0.1,127.6
591,2024-03-23,Utah Jazz,Houston Rockets,227.5,0,0.648,154,283,266.0,1,0.0,1,Yes,100,154.41,48435.63,0.648,0.1,154.41
592,2024-03-23,Phoenix Suns,San Antonio Spurs,231.5,0,0.712,140,347,237.0,0,0.0,0,Yes,100,140.36,48575.98,0.288,0.1,140.36
593,2024-03-23,Charlotte Hornets,Atlanta Hawks,211.5,0,0.685,145,317,223.0,1,0.0,1,Yes,100,145.99,48721.97,0.685,0.1,145.99
594,2024-03-23,Brooklyn Nets,New York Knicks,205.0,0,0.754,132,406,198.0,1,0.0,1,Yes,100,132.67,48854.65,0.754,0.1,132.67
595,2024-03-24,New Orleans Pelicans,Detroit Pistons,218.0,0,0.758,131,413,215.0,0,0.0,0,Yes,100,131.89,48986.54,0.242,0.1,131.89
596,2024-03-24,Philadelphia 76ers,LA Clippers,216.0,0,0.74,135,384,228.0,0,0.0,1,No,100,-100.0,48886.54,0.74,0.1,135.16
597,2024-03-24,Golden State Warriors,Minnesota Timberwolves,219.5,0,0.716,139,351,224.0,1,0.0,1,Yes,100,139.76,49026.3,0.716,0.1,139.76
598,2024-03-25,Indiana Pacers,LA Clippers,235.5,0,0.752,133,402,249.0,0,0.0,1,No,100,-100.0,48926.3,0.752,0.1,133.04
599,2024-03-25,Memphis Grizzlies,Denver Nuggets,214.5,0,0.831,120,592,231.0,1,0.0,1,Yes,100,120.32,49046.62,0.831,0.1,120.32
600,2024-03-25,Dallas Mavericks,Utah Jazz,238.5,0,0.664,150,297,220.0,0,0.0,0,Yes,100,150.71,49197.33,0.336,0.1,150.71
601,2024-03-25,Washington Wizards,Chicago Bulls,226.0,0,0.757,132,412,212.0,0,0.0,1,No,100,-100.0,49097.33,0.757,0.1,132.05
602,2024-03-25,Portland Trail Blazers,Houston Rockets,225.5,0,0.81,123,526,202.0,1,0.0,1,Yes,100,123.46,49220.8,0.81,0.1,123.46
603,2024-03-25,Detroit Pistons,New York Knicks,211.0,0,0.839,119,621,223.0,1,0.0,1,Yes,100,119.19,49339.98,0.839,0.1,119.19
604,2024-03-25,Boston Celtics,Atlanta Hawks,225.0,0,0.612,163,257,238.0,1,0.0,0,No,100,-100.0,49239.98,0.388,0.1,163.49
605,2024-03-25,Charlotte Hornets,Cleveland Cavaliers,206.0,0,0.807,123,518,207.0,1,0.0,1,Yes,100,123.92,49363.9,0.807,0.1,123.92
606,2024-03-25,Phoenix Suns,San Antonio Spurs,234.5,0,0.715,139,350,206.0,1,0.0,0,No,100,-100.0,49263.9,0.285,0.1,139.94
607,2024-03-26,Los Angeles Lakers,Milwaukee Bucks,234.5,0,0.746,134,394,252.0,0,0.0,1,No,100,-100.0,49163.9,0.746,0.1,134.0
608,2024-03-27,Phoenix Suns,Denver Nuggets,229.5,0,0.653,153,288,201.0,0,0.0,1,No,100,-100.0,49063.9,0.653,0.1,153.1
609,2024-03-27,Houston Rockets,Oklahoma City Thunder,225.5,0,0.704,142,337,258.0,0,0.0,1,No,100,-100.0,48963.9,0.704,0.1,142.1
610,2024-03-27,Los Angeles Lakers,Memphis Grizzlies,225.0,0,0.7,142,333,260.0,0,0.0,0,Yes,100,142.79,49106.69,0.3,0.1,142.79
611,2024-03-27,Detroit Pistons,Minnesota Timberwolves,215.5,0,0.845,118,647,197.0,1,0.0,1,Yes,100,118.28,49224.97,0.845,0.1,118.28
612,2024-03-27,San Antonio Spurs,Utah Jazz,228.0,0,0.69,144,322,229.0,0,0.0,1,No,100,-100.0,49124.97,0.69,0.1,144.98
613,2024-03-27,Portland Trail Blazers,Atlanta Hawks,219.5,0,0.704,142,337,226.0,1,0.0,1,Yes,100,142.03,49267.0,0.704,0.1,142.03
614,2024-03-27,New York Knicks,Toronto Raptors,211.5,0,0.697,143,330,246.0,0,0.0,0,Yes,100,143.4,49410.39,0.303,0.1,143.4
615,2024-03-27,Brooklyn Nets,Washington Wizards,220.5,0,0.607,164,254,241.0,0,0.0,0,Yes,100,164.61,49575.01,0.393,0.1,164.61
616,2024-03-27,Golden State Warriors,Orlando Magic,218.0,0,0.656,152,290,194.0,0,0.0,1,No,100,-100.0,49475.01,0.656,0.1,152.52
617,2024-03-27,Cleveland Cavaliers,Charlotte Hornets,208.0,0,0.734,136,376,229.0,1,0.0,0,No,100,-100.0,49375.01,0.266,0.1,136.19
618,2024-03-28,Boston Celtics,Atlanta Hawks,226.0,0,0.626,159,267,0.0,0,0.0,0,Yes,100,159.68,49534.68,0.374,0.1,159.68
619,2024-03-30,Memphis Grizzlies,Orlando Magic,209.0,0,0.757,132,411,206.0,1,0.0,1,Yes,100,132.06,49666.74,0.757,0.1,132.06
620,2024-03-30,Milwaukee Bucks,Atlanta Hawks,222.5,0,0.607,164,254,235.0,0,0.0,0,Yes,100,164.78,49831.52,0.393,0.1,164.78
621,2024-03-31,Utah Jazz,Sacramento Kings,220.5,0,0.666,150,299,233.0,1,0.0,1,Yes,100,150.05,49981.58,0.666,0.1,150.05
622,2024-03-31,Golden State Warriors,San Antonio Spurs,228.0,0,0.656,152,290,230.0,0,0.0,0,Yes,100,152.46,50134.03,0.344,0.1,152.46
623,2024-03-31,Chicago Bulls,Minnesota Timberwolves,211.5,0,0.773,129,440,210.0,0,0.0,1,No,100,-100.0,50034.03,0.773,0.1,129.4
624,2024-03-31,Cleveland Cavaliers,Denver Nuggets,217.5,0,0.645,154,282,231.0,1,0.0,1,Yes,100,154.94,50188.97,0.645,0.1,154.94
625,2024-03-31,Miami Heat,Washington Wizards,214.0,0,0.729,137,368,226.0,0,0.0,0,Yes,100,137.21,50326.18,0.271,0.1,137.21
626,2024-03-31,Philadelphia 76ers,Toronto Raptors,214.5,0,0.66,151,294,255.0,0,0.0,0,Yes,100,151.44,50477.62,0.34,0.1,151.44
627,2024-03-31,LA Clippers,Charlotte Hornets,216.0,0,0.758,131,413,248.0,0,0.0,0,Yes,100,131.92,50609.54,0.242,0.1,131.92
628,2024-03-31,Los Angeles Lakers,Brooklyn Nets,225.5,0,0.648,154,284,220.0,0,0.0,0,Yes,100,154.25,50763.79,0.352,0.1,154.25
629,2024-04-01,Brooklyn Nets,Indiana Pacers,227.5,0,0.713,140,348,244.0,1,0.0,1,Yes,100,140.26,50904.05,0.713,0.1,140.26
630,2024-04-01,Boston Celtics,Charlotte Hornets,219.5,0,0.786,127,466,222.0,0,0.0,0,Yes,100,127.29,51031.34,0.214,0.1,127.29
631,2024-04-01,Portland Trail Blazers,Orlando Magic,210.5,0,0.796,125,490,207.0,1,0.0,1,Yes,100,125.61,51156.95,0.796,0.1,125.61
632,2024-04-02,Milwaukee Bucks,Washington Wizards,225.5,0,0.754,132,407,230.0,1,0.0,0,No,100,-100.0,51056.95,0.246,0.1,132.57
633,2024-04-02,Los Angeles Lakers,Toronto Raptors,236.5,0,0.699,143,332,239.0,0,0.0,0,Yes,100,143.09,51200.04,0.301,0.1,143.09
634,2024-04-02,Houston Rockets,Minnesota Timberwolves,214.0,0,0.721,138,359,219.0,1,0.0,1,Yes,100,138.6,51338.64,0.721,0.1,138.6
635,2024-04-02,Cleveland Cavaliers,Utah Jazz,218.0,0,0.688,145,320,242.0,0,0.0,0,Yes,100,145.34,51483.98,0.312,0.1,145.34
636,2024-04-02,San Antonio Spurs,Denver Nuggets,223.5,0,0.813,123,534,215.0,1,0.0,1,Yes,100,123.03,51607.01,0.813,0.1,123.03
637,2024-04-03,Orlando Magic,New Orleans Pelicans,208.0,0,0.632,158,271,225.0,0,0.0,1,No,100,-100.0,51507.01,0.632,0.1,158.35
638,2024-04-03,Toronto Raptors,Minnesota Timberwolves,213.5,0,0.845,118,645,218.0,1,0.0,1,Yes,100,118.35,51625.35,0.845,0.1,118.35
639,2024-04-03,Memphis Grizzlies,Milwaukee Bucks,218.0,0,0.857,116,699,212.0,0,0.0,1,No,100,-100.0,51525.35,0.857,0.1,116.69
640,2024-04-03,Detroit Pistons,Atlanta Hawks,223.0,0,0.656,152,290,234.0,1,0.0,1,Yes,100,152.47,51677.83,0.656,0.1,152.47
641,2024-04-03,Los Angeles Lakers,Washington Wizards,237.0,0,0.668,149,301,245.0,0,0.0,0,Yes,100,149.67,51827.5,0.332,0.1,149.67
642,2024-04-03,Oklahoma City Thunder,Boston Celtics,229.0,0,0.628,159,269,235.0,1,0.0,1,Yes,100,159.16,51986.66,0.628,0.1,159.16
643,2024-04-04,Atlanta Hawks,Dallas Mavericks,228.0,0,0.691,144,323,204.0,1,0.0,1,Yes,100,144.64,52131.3,0.691,0.1,144.64
644,2024-04-04,Denver Nuggets,LA Clippers,219.5,0,0.659,151,292,202.0,1,0.0,1,Yes,100,151.84,52283.14,0.659,0.1,151.84
645,2024-04-05,Utah Jazz,LA Clippers,224.5,0,0.745,134,391,233.0,1,0.0,1,Yes,100,134.31,52417.45,0.745,0.1,134.31
646,2024-04-05,Golden State Warriors,Dallas Mavericks,224.0,0,0.616,162,260,214.0,1,0.0,1,Yes,100,162.42,52579.87,0.616,0.1,162.42
647,2024-04-05,Toronto Raptors,Milwaukee Bucks,233.0,0,0.816,122,543,228.0,0,0.0,1,No,100,-100.0,52479.87,0.816,0.1,122.56
648,2024-04-05,Sacramento Kings,Boston Celtics,226.0,0,0.794,125,484,201.0,1,0.0,1,Yes,100,125.99,52605.86,0.794,0.1,125.99
649,2024-04-05,Orlando Magic,Charlotte Hornets,207.0,0,0.723,138,361,239.0,1,0.0,0,No,100,-100.0,52505.86,0.277,0.1,138.25
650,2024-04-05,San Antonio Spurs,New Orleans Pelicans,218.5,0,0.784,127,462,220.0,0,0.0,1,No,100,-100.0,52405.86,0.784,0.1,127.56
651,2024-04-06,Detroit Pistons,Brooklyn Nets,216.0,0,0.738,135,381,216.0,1,0.0,1,Yes,100,135.53,52541.39,0.738,0.1,135.53
652,2024-04-06,Philadelphia 76ers,Memphis Grizzlies,214.5,0,0.728,137,367,212.0,0,0.0,0,Yes,100,137.4,52678.79,0.272,0.1,137.4
653,2024-04-06,Atlanta Hawks,Denver Nuggets,225.0,0,0.765,130,425,252.0,1,0.0,1,Yes,100,130.72,52809.51,0.765,0.1,130.72
654,2024-04-07,Utah Jazz,Golden State Warriors,225.5,0,0.718,139,354,228.0,1,0.0,1,Yes,100,139.31,52948.82,0.718,0.1,139.31
655,2024-04-07,Sacramento Kings,Brooklyn Nets,217.5,0,0.655,152,290,184.0,0,0.0,0,Yes,100,152.62,53101.44,0.345,0.1,152.62
656,2024-04-07,New York Knicks,Milwaukee Bucks,220.5,0,0.634,157,272,231.0,0,0.0,1,No,100,-100.0,53001.44,0.634,0.1,157.85
657,2024-04-07,Chicago Bulls,Orlando Magic,212.0,0,0.672,148,304,211.0,1,0.0,1,Yes,100,148.83,53150.26,0.672,0.1,148.83
658,2024-04-07,Philadelphia 76ers,San Antonio Spurs,226.0,0,0.633,158,272,259.0,0,0.0,0,Yes,100,158.04,53308.3,0.367,0.1,158.04
659,2024-04-07,Portland Trail Blazers,Boston Celtics,216.0,0,0.905,110,1057,231.0,1,0.0,1,Yes,100,110.45,53418.75,0.905,0.1,110.45
660,2024-04-07,Houston Rockets,Dallas Mavericks,227.5,0,0.653,153,288,283.0,1,0.0,1,Yes,100,153.08,53571.83,0.653,0.1,153.08
661,2024-04-07,Cleveland Cavaliers,LA Clippers,217.0,0,0.687,145,319,238.0,1,0.0,1,Yes,100,145.52,53717.35,0.687,0.1,145.52
662,2024-04-07,Oklahoma City Thunder,Charlotte Hornets,218.0,0,0.772,129,438,239.0,0,0.0,0,Yes,100,129.59,53846.94,0.228,0.1,129.59
663,2024-04-09,New Orleans Pelicans,Portland Trail Blazers,213.5,0,0.786,127,467,210.0,0,0.0,0,Yes,100,127.25,53974.18,0.214,0.1,127.25
664,2024-04-09,Denver Nuggets,Utah Jazz,223.5,0,0.712,140,346,206.0,0,0.0,0,Yes,100,140.54,54114.72,0.288,0.1,140.54
665,2024-04-09,Sacramento Kings,Oklahoma City Thunder,227.5,0,0.633,158,272,217.0,1,0.0,1,Yes,100,158.06,54272.78,0.633,0.1,158.06
666,2024-04-09,Washington Wizards,Minnesota Timberwolves,223.0,0,0.847,118,655,251.0,1,0.0,1,Yes,100,118.01,54390.79,0.847,0.1,118.01
667,2024-04-09,Indiana Pacers,Toronto Raptors,240.0,0,0.641,155,278,263.0,0,0.0,0,Yes,100,155.95,54546.74,0.359,0.1,155.95
668,2024-04-09,Detroit Pistons,Philadelphia 76ers,220.5,0,0.804,124,509,222.0,1,0.0,1,Yes,100,124.4,54671.14,0.804,0.1,124.4
669,2024-04-09,Dallas Mavericks,Charlotte Hornets,224.0,0,0.737,135,380,234.0,0,0.0,0,Yes,100,135.63,54806.77,0.263,0.1,135.63
670,2024-04-10,Phoenix Suns,LA Clippers,220.5,0,0.687,145,319,232.0,0,0.0,1,No,100,-100.0,54706.77,0.687,0.1,145.54
671,2024-04-10,San Antonio Spurs,Oklahoma City Thunder,231.0,0,0.777,128,449,216.0,1,0.0,1,Yes,100,128.65,54835.42,0.777,0.1,128.65
672,2024-04-10,Orlando Magic,Milwaukee Bucks,212.0,0,0.691,144,323,216.0,1,0.0,1,Yes,100,144.7,54980.12,0.691,0.1,144.7
673,2024-04-10,Toronto Raptors,Brooklyn Nets,220.5,0,0.623,160,264,208.0,1,0.0,1,Yes,100,160.61,55140.72,0.623,0.1,160.61
674,2024-04-10,Charlotte Hornets,Atlanta Hawks,227.5,0,0.722,138,359,229.0,0,0.0,1,No,100,-100.0,55040.72,0.722,0.1,138.58
675,2024-04-10,Memphis Grizzlies,Cleveland Cavaliers,213.5,0,0.823,121,563,208.0,1,0.0,1,Yes,100,121.57,55162.29,0.823,0.1,121.57
676,2024-04-11,Chicago Bulls,Detroit Pistons,220.0,0,0.658,152,292,232.0,0,0.0,0,Yes,100,152.07,55314.36,0.342,0.1,152.07
677,2024-04-11,New York Knicks,Boston Celtics,221.5,0,0.726,137,364,227.0,0,0.0,1,No,100,-100.0,55214.36,0.726,0.1,137.78
678,2024-04-11,Houston Rockets,Utah Jazz,227.0,0,0.656,152,290,245.0,1,0.0,0,No,100,-100.0,55114.36,0.344,0.1,152.55
679,2024-04-11,Golden State Warriors,Portland Trail Blazers,220.5,0,0.756,132,410,192.0,0,0.0,0,Yes,100,132.24,55246.6,0.244,0.1,132.24
680,2024-04-12,Utah Jazz,LA Clippers,225.0,0,0.828,120,581,219.0,0,0.0,1,No,100,-100.0,55146.6,0.828,0.1,120.76
681,2024-04-12,Houston Rockets,Portland Trail Blazers,218.0,0,0.704,142,337,223.0,0,0.0,0,Yes,100,142.13,55288.74,0.296,0.1,142.13
682,2024-04-12,Detroit Pistons,Dallas Mavericks,217.0,0,0.804,124,510,196.0,0,0.0,1,No,100,-100.0,55188.74,0.804,0.1,124.38
683,2024-04-12,Atlanta Hawks,Minnesota Timberwolves,226.5,0,0.776,128,446,215.0,1,0.0,1,Yes,100,128.82,55317.56,0.776,0.1,128.82
684,2024-04-12,Los Angeles Lakers,Memphis Grizzlies,226.0,0,0.729,137,369,243.0,0,0.0,0,Yes,100,137.17,55454.73,0.271,0.1,137.17
685,2024-04-12,Milwaukee Bucks,Oklahoma City Thunder,224.0,0,0.612,163,257,232.0,1,0.0,1,Yes,100,163.41,55618.14,0.612,0.1,163.41
686,2024-04-12,Toronto Raptors,Miami Heat,220.0,0,0.723,138,361,228.0,1,0.0,1,Yes,100,138.22,55756.36,0.723,0.1,138.22
687,2024-04-12,Brooklyn Nets,New York Knicks,211.5,0,0.714,139,350,218.0,1,0.0,1,Yes,100,139.97,55896.33,0.714,0.1,139.97
688,2024-04-12,Charlotte Hornets,Boston Celtics,217.5,0,0.853,117,680,229.0,1,0.0,1,Yes,100,117.23,56013.56,0.853,0.1,117.23
689,2024-04-12,Chicago Bulls,Washington Wizards,224.5,0,0.625,159,267,256.0,0,0.0,0,Yes,100,159.88,56173.44,0.375,0.1,159.88
690,2024-04-12,Denver Nuggets,San Antonio Spurs,223.5,0,0.713,140,348,241.0,1,0.0,0,No,100,-100.0,56073.44,0.287,0.1,140.32
691,2024-04-14,Phoenix Suns,Minnesota Timberwolves,216.5,0,0.629,158,269,231.0,0,0.0,1,No,100,-100.0,55973.44,0.629,0.1,158.97
692,2024-04-14,Portland Trail Blazers,Sacramento Kings,214.0,0,0.775,128,445,203.0,1,0.0,1,Yes,100,128.95,56102.39,0.775,0.1,128.95
693,2024-04-14,Utah Jazz,Golden State Warriors,224.0,0,0.678,147,310,239.0,1,0.0,1,Yes,100,147.5,56249.89,0.678,0.1,147.5
694,2024-04-14,Dallas Mavericks,Oklahoma City Thunder,225.0,0,0.615,162,259,221.0,1,0.0,1,Yes,100,162.67,56412.56,0.615,0.1,162.67
695,2024-04-14,Los Angeles Lakers,New Orleans Pelicans,231.5,0,0.64,156,277,232.0,0,0.0,1,No,100,-100.0,56312.56,0.64,0.1,156.35
696,2024-04-14,Denver Nuggets,Memphis Grizzlies,216.5,0,0.759,131,414,237.0,0,0.0,0,Yes,100,131.83,56444.39,0.241,0.1,131.83
697,2024-04-14,Houston Rockets,LA Clippers,222.5,0,0.744,134,391,221.0,0,0.0,1,No,100,-100.0,56344.39,0.744,0.1,134.36
698,2024-04-14,Washington Wizards,Boston Celtics,229.5,0,0.841,118,626,254.0,1,0.0,1,Yes,100,118.98,56463.37,0.841,0.1,118.98
699,2024-04-14,Charlotte Hornets,Cleveland Cavaliers,208.5,0,0.837,119,611,230.0,0,0.0,1,No,100,-100.0,56363.37,0.837,0.1,119.54
700,2024-04-14,Brooklyn Nets,Philadelphia 76ers,215.0,0,0.684,146,316,193.0,1,0.0,1,Yes,100,146.1,56509.47,0.684,0.1,146.1
701,2024-04-14,Toronto Raptors,Miami Heat,219.0,0,0.726,137,365,221.0,1,0.0,1,Yes,100,137.65,56647.12,0.726,0.1,137.65
702,2024-04-14,Chicago Bulls,New York Knicks,218.0,0,0.735,136,377,239.0,1,0.0,1,Yes,100,136.05,56783.17,0.735,0.1,136.05
703,2024-04-14,Atlanta Hawks,Indiana Pacers,243.0,0,0.693,144,325,272.0,1,0.0,1,Yes,100,144.33,56927.5,0.693,0.1,144.33
704,2024-04-16,Los Angeles Lakers,New Orleans Pelicans,224.5,0,0.628,159,268,216.0,0,0.0,1,No,100,-100.0,56827.5,0.628,0.1,159.3
705,2024-04-19,Chicago Bulls,Miami Heat,207.0,0,0.654,152,288,203.0,1,0.0,1,Yes,100,152.96,56980.46,0.654,0.1,152.96
706,2024-04-19,Sacramento Kings,New Orleans Pelicans,211.5,0,0.647,154,283,203.0,1,0.0,1,Yes,100,154.64,57135.1,0.647,0.1,154.64
707,2024-04-20,Phoenix Suns,Minnesota Timberwolves,213.5,0,0.634,157,272,215.0,1,0.0,1,Yes,100,157.84,57292.94,0.634,0.1,157.84
708,2024-04-20,Philadelphia 76ers,New York Knicks,208.0,0,0.617,162,261,215.0,1,0.0,1,Yes,100,162.01,57454.96,0.617,0.1,162.01
709,2024-04-20,Los Angeles Lakers,Denver Nuggets,227.0,0,0.617,162,260,217.0,1,0.0,1,Yes,100,162.19,57617.15,0.617,0.1,162.19
710,2024-04-21,New Orleans Pelicans,Oklahoma City Thunder,216.5,0,0.647,154,283,186.0,1,0.0,1,Yes,100,154.55,57771.7,0.647,0.1,154.55
711,2024-04-21,Miami Heat,Boston Celtics,210.0,0,0.789,126,473,208.0,1,0.0,1,Yes,100,126.75,57898.45,0.789,0.1,126.75
712,2024-04-21,Dallas Mavericks,LA Clippers,221.0,0,0.636,157,275,206.0,1,0.0,1,Yes,100,157.14,58055.59,0.636,0.1,157.14
713,2024-04-22,Los Angeles Lakers,Denver Nuggets,223.5,0,0.617,162,260,200.0,1,0.0,1,Yes,100,162.19,58217.78,0.617,0.1,162.19
714,2024-04-22,Philadelphia 76ers,New York Knicks,202.5,0,0.617,162,261,205.0,1,0.0,1,Yes,100,162.01,58379.79,0.617,0.1,162.01
715,2024-04-23,Phoenix Suns,Minnesota Timberwolves,211.5,0,0.634,157,272,198.0,1,0.0,1,Yes,100,157.84,58537.63,0.634,0.1,157.84
716,2024-04-23,Indiana Pacers,Milwaukee Bucks,223.5,0,0.604,165,252,233.0,0,0.0,1,No,100,-100.0,58437.63,0.604,0.1,165.56
717,2024-04-23,Dallas Mavericks,LA Clippers,217.0,0,0.636,157,275,189.0,0,0.0,1,No,100,-100.0,58337.63,0.636,0.1,157.14
718,2024-04-24,Miami Heat,Boston Celtics,205.5,0,0.789,126,473,212.0,0,0.0,1,No,100,-100.0,58237.63,0.789,0.1,126.75
719,2024-04-24,New Orleans Pelicans,Oklahoma City Thunder,210.5,0,0.647,154,283,216.0,1,0.0,1,Yes,100,154.55,58392.18,0.647,0.1,154.55
